-0.000000000000000000e+00	-0.000000000000000000e+00	-0.000000000000000000e+00	-0.000000000000000000e+00	-0.000000000000000000e+00	-0.000000000000000000e+00	-0.000000000000000000e+00	-0.000000000000000000e+00	-0.000000000000000000e+00	-0.000000000000000000e+00	-0.000000000000000000e+00	-0.000000000000000000e+00	-0.000000000000000000e+00	-0.000000000000000000e+00	-0.000000000000000000e+00	-0.000000000000000000e+00	-0.000000000000000000e+00	-0.000000000000000000e+00	-0.000000000000000000e+00	-0.000000000000000000e+00	-0.000000000000000000e+00	-0.000000000000000000e+00	-0.000000000000000000e+00	-0.000000000000000000e+00	-0.000000000000000000e+00	-0.000000000000000000e+00	-0.000000000000000000e+00	-0.000000000000000000e+00	-0.000000000000000000e+00	-0.000000000000000000e+00	-0.000000000000000000e+00	-0.000000000000000000e+00	-0.000000000000000000e+00	-0.000000000000000000e+00	-0.000000000000000000e+00	-0.000000000000000000e+00	-0.000000000000000000e+00	-0.000000000000000000e+00	-0.000000000000000000e+00	-0.000000000000000000e+00	-0.000000000000000000e+00	-0.000000000000000000e+00	-0.000000000000000000e+00	-0.000000000000000000e+00	-0.000000000000000000e+00	-0.000000000000000000e+00	-0.000000000000000000e+00	-0.000000000000000000e+00	-0.000000000000000000e+00	-0.000000000000000000e+00	-0.000000000000000000e+00	-0.000000000000000000e+00	-0.000000000000000000e+00	-0.000000000000000000e+00	-0.000000000000000000e+00	-0.000000000000000000e+00	-0.000000000000000000e+00	-0.000000000000000000e+00	-0.000000000000000000e+00	-0.000000000000000000e+00	-0.000000000000000000e+00	-0.000000000000000000e+00	-0.000000000000000000e+00	-0.000000000000000000e+00	-0.000000000000000000e+00	-0.000000000000000000e+00	-0.000000000000000000e+00	-0.000000000000000000e+00	-0.000000000000000000e+00	-0.000000000000000000e+00	-0.000000000000000000e+00	-0.000000000000000000e+00	-0.000000000000000000e+00	-0.000000000000000000e+00	-0.000000000000000000e+00	-0.000000000000000000e+00	-0.000000000000000000e+00	-0.000000000000000000e+00	-0.000000000000000000e+00	-0.000000000000000000e+00	-0.000000000000000000e+00	-0.000000000000000000e+00	-0.000000000000000000e+00	-0.000000000000000000e+00	-0.000000000000000000e+00	-0.000000000000000000e+00	-0.000000000000000000e+00	-0.000000000000000000e+00	-0.000000000000000000e+00	-0.000000000000000000e+00	-0.000000000000000000e+00	-0.000000000000000000e+00	-0.000000000000000000e+00	-0.000000000000000000e+00	-0.000000000000000000e+00	-0.000000000000000000e+00	-0.000000000000000000e+00	-0.000000000000000000e+00	-0.000000000000000000e+00	-0.000000000000000000e+00
9.000000000000000222e-01	9.000000000000000222e-01	9.000000000000000222e-01	9.000000000000000222e-01	9.000000000000000222e-01	9.000000000000000222e-01	9.000000000000000222e-01	9.000000000000000222e-01	9.000000000000000222e-01	9.000000000000000222e-01	9.000000000000000222e-01	9.000000000000000222e-01	9.000000000000000222e-01	9.000000000000000222e-01	9.000000000000000222e-01	9.000000000000000222e-01	9.000000000000000222e-01	9.000000000000000222e-01	9.000000000000000222e-01	9.000000000000000222e-01	9.000000000000000222e-01	9.000000000000000222e-01	9.000000000000000222e-01	9.000000000000000222e-01	9.000000000000000222e-01	9.000000000000000222e-01	9.000000000000000222e-01	9.000000000000000222e-01	9.000000000000000222e-01	9.000000000000000222e-01	9.000000000000000222e-01	9.000000000000000222e-01	9.000000000000000222e-01	9.000000000000000222e-01	9.000000000000000222e-01	9.000000000000000222e-01	9.000000000000000222e-01	9.000000000000000222e-01	9.000000000000000222e-01	9.000000000000000222e-01	9.000000000000000222e-01	1.069299999999999917e+00	1.186299999999999910e+00	1.261200000000000099e+00	1.297900000000000054e+00	1.297900000000000054e+00	1.261200000000000099e+00	1.186299999999999910e+00	1.069299999999999917e+00	9.000000000000000222e-01	9.000000000000000222e-01	9.000000000000000222e-01	9.000000000000000222e-01	9.000000000000000222e-01	9.000000000000000222e-01	9.000000000000000222e-01	9.000000000000000222e-01	9.000000000000000222e-01	9.000000000000000222e-01	9.000000000000000222e-01	9.000000000000000222e-01	9.000000000000000222e-01	9.000000000000000222e-01	9.000000000000000222e-01	9.000000000000000222e-01	9.000000000000000222e-01	9.000000000000000222e-01	9.000000000000000222e-01	9.000000000000000222e-01	9.000000000000000222e-01	9.000000000000000222e-01	9.000000000000000222e-01	9.000000000000000222e-01	9.000000000000000222e-01	9.000000000000000222e-01	9.000000000000000222e-01	9.000000000000000222e-01	9.000000000000000222e-01	9.000000000000000222e-01	9.000000000000000222e-01	9.000000000000000222e-01	9.000000000000000222e-01	9.000000000000000222e-01	9.000000000000000222e-01	9.000000000000000222e-01	9.000000000000000222e-01	9.000000000000000222e-01	9.000000000000000222e-01	9.000000000000000222e-01	9.000000000000000222e-01	9.000000000000000222e-01	1.069299999999999917e+00	1.186299999999999910e+00	1.261200000000000099e+00	1.297900000000000054e+00	1.297900000000000054e+00	1.261200000000000099e+00	1.186299999999999910e+00	1.069299999999999917e+00	9.000000000000000222e-01
-1.800000000000000044e+00	-1.800000000000000044e+00	-1.800000000000000044e+00	-1.800000000000000044e+00	-1.800000000000000044e+00	-1.800000000000000044e+00	-1.800000000000000044e+00	-1.800000000000000044e+00	-1.800000000000000044e+00	-1.800000000000000044e+00	-1.800000000000000044e+00	-1.800000000000000044e+00	-1.800000000000000044e+00	-1.800000000000000044e+00	-1.800000000000000044e+00	-1.800000000000000044e+00	-1.800000000000000044e+00	-1.800000000000000044e+00	-1.800000000000000044e+00	-1.800000000000000044e+00	-1.800000000000000044e+00	-1.800000000000000044e+00	-1.800000000000000044e+00	-1.800000000000000044e+00	-1.800000000000000044e+00	-1.800000000000000044e+00	-1.800000000000000044e+00	-1.800000000000000044e+00	-1.800000000000000044e+00	-1.800000000000000044e+00	-1.800000000000000044e+00	-1.800000000000000044e+00	-1.800000000000000044e+00	-1.800000000000000044e+00	-1.800000000000000044e+00	-1.800000000000000044e+00	-1.800000000000000044e+00	-1.800000000000000044e+00	-1.800000000000000044e+00	-1.800000000000000044e+00	-1.800000000000000044e+00	-2.138500000000000068e+00	-2.372500000000000053e+00	-2.522299999999999986e+00	-2.595899999999999874e+00	-2.595899999999999874e+00	-2.522299999999999986e+00	-2.372500000000000053e+00	-2.138500000000000068e+00	-1.800000000000000044e+00	-1.800000000000000044e+00	-1.800000000000000044e+00	-1.800000000000000044e+00	-1.800000000000000044e+00	-1.800000000000000044e+00	-1.800000000000000044e+00	-1.800000000000000044e+00	-1.800000000000000044e+00	-1.800000000000000044e+00	-1.800000000000000044e+00	-1.800000000000000044e+00	-1.800000000000000044e+00	-1.800000000000000044e+00	-1.800000000000000044e+00	-1.800000000000000044e+00	-1.800000000000000044e+00	-1.800000000000000044e+00	-1.800000000000000044e+00	-1.800000000000000044e+00	-1.800000000000000044e+00	-1.800000000000000044e+00	-1.800000000000000044e+00	-1.800000000000000044e+00	-1.800000000000000044e+00	-1.800000000000000044e+00	-1.800000000000000044e+00	-1.800000000000000044e+00	-1.800000000000000044e+00	-1.800000000000000044e+00	-1.800000000000000044e+00	-1.800000000000000044e+00	-1.800000000000000044e+00	-1.800000000000000044e+00	-1.800000000000000044e+00	-1.800000000000000044e+00	-1.800000000000000044e+00	-1.800000000000000044e+00	-1.800000000000000044e+00	-1.800000000000000044e+00	-1.800000000000000044e+00	-1.800000000000000044e+00	-2.138500000000000068e+00	-2.372500000000000053e+00	-2.522299999999999986e+00	-2.595899999999999874e+00	-2.595899999999999874e+00	-2.522299999999999986e+00	-2.372500000000000053e+00	-2.138500000000000068e+00	-1.800000000000000044e+00
0.000000000000000000e+00	0.000000000000000000e+00	0.000000000000000000e+00	0.000000000000000000e+00	0.000000000000000000e+00	0.000000000000000000e+00	0.000000000000000000e+00	0.000000000000000000e+00	0.000000000000000000e+00	0.000000000000000000e+00	0.000000000000000000e+00	0.000000000000000000e+00	0.000000000000000000e+00	0.000000000000000000e+00	0.000000000000000000e+00	0.000000000000000000e+00	0.000000000000000000e+00	0.000000000000000000e+00	0.000000000000000000e+00	0.000000000000000000e+00	0.000000000000000000e+00	0.000000000000000000e+00	0.000000000000000000e+00	0.000000000000000000e+00	0.000000000000000000e+00	0.000000000000000000e+00	0.000000000000000000e+00	0.000000000000000000e+00	0.000000000000000000e+00	0.000000000000000000e+00	0.000000000000000000e+00	0.000000000000000000e+00	0.000000000000000000e+00	0.000000000000000000e+00	0.000000000000000000e+00	0.000000000000000000e+00	0.000000000000000000e+00	0.000000000000000000e+00	0.000000000000000000e+00	0.000000000000000000e+00	0.000000000000000000e+00	0.000000000000000000e+00	0.000000000000000000e+00	0.000000000000000000e+00	0.000000000000000000e+00	0.000000000000000000e+00	0.000000000000000000e+00	0.000000000000000000e+00	0.000000000000000000e+00	0.000000000000000000e+00	0.000000000000000000e+00	0.000000000000000000e+00	0.000000000000000000e+00	0.000000000000000000e+00	0.000000000000000000e+00	0.000000000000000000e+00	0.000000000000000000e+00	0.000000000000000000e+00	0.000000000000000000e+00	0.000000000000000000e+00	0.000000000000000000e+00	0.000000000000000000e+00	0.000000000000000000e+00	0.000000000000000000e+00	0.000000000000000000e+00	0.000000000000000000e+00	0.000000000000000000e+00	0.000000000000000000e+00	0.000000000000000000e+00	0.000000000000000000e+00	0.000000000000000000e+00	0.000000000000000000e+00	0.000000000000000000e+00	0.000000000000000000e+00	0.000000000000000000e+00	0.000000000000000000e+00	0.000000000000000000e+00	0.000000000000000000e+00	0.000000000000000000e+00	0.000000000000000000e+00	0.000000000000000000e+00	0.000000000000000000e+00	0.000000000000000000e+00	0.000000000000000000e+00	0.000000000000000000e+00	0.000000000000000000e+00	0.000000000000000000e+00	0.000000000000000000e+00	0.000000000000000000e+00	0.000000000000000000e+00	0.000000000000000000e+00	0.000000000000000000e+00	0.000000000000000000e+00	0.000000000000000000e+00	0.000000000000000000e+00	0.000000000000000000e+00	0.000000000000000000e+00	0.000000000000000000e+00	0.000000000000000000e+00	0.000000000000000000e+00
9.000000000000000222e-01	9.000000000000000222e-01	9.000000000000000222e-01	9.000000000000000222e-01	9.000000000000000222e-01	9.000000000000000222e-01	9.000000000000000222e-01	9.000000000000000222e-01	9.000000000000000222e-01	9.000000000000000222e-01	9.000000000000000222e-01	9.000000000000000222e-01	9.000000000000000222e-01	9.000000000000000222e-01	9.000000000000000222e-01	9.000000000000000222e-01	1.069299999999999917e+00	1.186299999999999910e+00	1.261200000000000099e+00	1.297900000000000054e+00	1.297900000000000054e+00	1.261200000000000099e+00	1.186299999999999910e+00	1.069299999999999917e+00	9.000000000000000222e-01	9.000000000000000222e-01	9.000000000000000222e-01	9.000000000000000222e-01	9.000000000000000222e-01	9.000000000000000222e-01	9.000000000000000222e-01	9.000000000000000222e-01	9.000000000000000222e-01	9.000000000000000222e-01	9.000000000000000222e-01	9.000000000000000222e-01	9.000000000000000222e-01	9.000000000000000222e-01	9.000000000000000222e-01	9.000000000000000222e-01	9.000000000000000222e-01	9.000000000000000222e-01	9.000000000000000222e-01	9.000000000000000222e-01	9.000000000000000222e-01	9.000000000000000222e-01	9.000000000000000222e-01	9.000000000000000222e-01	9.000000000000000222e-01	9.000000000000000222e-01	9.000000000000000222e-01	9.000000000000000222e-01	9.000000000000000222e-01	9.000000000000000222e-01	9.000000000000000222e-01	9.000000000000000222e-01	9.000000000000000222e-01	9.000000000000000222e-01	9.000000000000000222e-01	9.000000000000000222e-01	9.000000000000000222e-01	9.000000000000000222e-01	9.000000000000000222e-01	9.000000000000000222e-01	9.000000000000000222e-01	9.000000000000000222e-01	1.069299999999999917e+00	1.186299999999999910e+00	1.261200000000000099e+00	1.297900000000000054e+00	1.297900000000000054e+00	1.261200000000000099e+00	1.186299999999999910e+00	1.069299999999999917e+00	9.000000000000000222e-01	9.000000000000000222e-01	9.000000000000000222e-01	9.000000000000000222e-01	9.000000000000000222e-01	9.000000000000000222e-01	9.000000000000000222e-01	9.000000000000000222e-01	9.000000000000000222e-01	9.000000000000000222e-01	9.000000000000000222e-01	9.000000000000000222e-01	9.000000000000000222e-01	9.000000000000000222e-01	9.000000000000000222e-01	9.000000000000000222e-01	9.000000000000000222e-01	9.000000000000000222e-01	9.000000000000000222e-01	9.000000000000000222e-01	9.000000000000000222e-01	9.000000000000000222e-01	9.000000000000000222e-01	9.000000000000000222e-01	9.000000000000000222e-01	9.000000000000000222e-01
-1.800000000000000044e+00	-1.800000000000000044e+00	-1.800000000000000044e+00	-1.800000000000000044e+00	-1.800000000000000044e+00	-1.800000000000000044e+00	-1.800000000000000044e+00	-1.800000000000000044e+00	-1.800000000000000044e+00	-1.800000000000000044e+00	-1.800000000000000044e+00	-1.800000000000000044e+00	-1.800000000000000044e+00	-1.800000000000000044e+00	-1.800000000000000044e+00	-1.800000000000000044e+00	-2.138500000000000068e+00	-2.372500000000000053e+00	-2.522299999999999986e+00	-2.595899999999999874e+00	-2.595899999999999874e+00	-2.522299999999999986e+00	-2.372500000000000053e+00	-2.138500000000000068e+00	-1.800000000000000044e+00	-1.800000000000000044e+00	-1.800000000000000044e+00	-1.800000000000000044e+00	-1.800000000000000044e+00	-1.800000000000000044e+00	-1.800000000000000044e+00	-1.800000000000000044e+00	-1.800000000000000044e+00	-1.800000000000000044e+00	-1.800000000000000044e+00	-1.800000000000000044e+00	-1.800000000000000044e+00	-1.800000000000000044e+00	-1.800000000000000044e+00	-1.800000000000000044e+00	-1.800000000000000044e+00	-1.800000000000000044e+00	-1.800000000000000044e+00	-1.800000000000000044e+00	-1.800000000000000044e+00	-1.800000000000000044e+00	-1.800000000000000044e+00	-1.800000000000000044e+00	-1.800000000000000044e+00	-1.800000000000000044e+00	-1.800000000000000044e+00	-1.800000000000000044e+00	-1.800000000000000044e+00	-1.800000000000000044e+00	-1.800000000000000044e+00	-1.800000000000000044e+00	-1.800000000000000044e+00	-1.800000000000000044e+00	-1.800000000000000044e+00	-1.800000000000000044e+00	-1.800000000000000044e+00	-1.800000000000000044e+00	-1.800000000000000044e+00	-1.800000000000000044e+00	-1.800000000000000044e+00	-1.800000000000000044e+00	-2.138500000000000068e+00	-2.372500000000000053e+00	-2.522299999999999986e+00	-2.595899999999999874e+00	-2.595899999999999874e+00	-2.522299999999999986e+00	-2.372500000000000053e+00	-2.138500000000000068e+00	-1.800000000000000044e+00	-1.800000000000000044e+00	-1.800000000000000044e+00	-1.800000000000000044e+00	-1.800000000000000044e+00	-1.800000000000000044e+00	-1.800000000000000044e+00	-1.800000000000000044e+00	-1.800000000000000044e+00	-1.800000000000000044e+00	-1.800000000000000044e+00	-1.800000000000000044e+00	-1.800000000000000044e+00	-1.800000000000000044e+00	-1.800000000000000044e+00	-1.800000000000000044e+00	-1.800000000000000044e+00	-1.800000000000000044e+00	-1.800000000000000044e+00	-1.800000000000000044e+00	-1.800000000000000044e+00	-1.800000000000000044e+00	-1.800000000000000044e+00	-1.800000000000000044e+00	-1.800000000000000044e+00	-1.800000000000000044e+00
-0.000000000000000000e+00	-0.000000000000000000e+00	-0.000000000000000000e+00	-0.000000000000000000e+00	-0.000000000000000000e+00	-0.000000000000000000e+00	-0.000000000000000000e+00	-0.000000000000000000e+00	-0.000000000000000000e+00	-0.000000000000000000e+00	-0.000000000000000000e+00	-0.000000000000000000e+00	-0.000000000000000000e+00	-0.000000000000000000e+00	-0.000000000000000000e+00	-0.000000000000000000e+00	-0.000000000000000000e+00	-0.000000000000000000e+00	-0.000000000000000000e+00	-0.000000000000000000e+00	-0.000000000000000000e+00	-0.000000000000000000e+00	-0.000000000000000000e+00	-0.000000000000000000e+00	-0.000000000000000000e+00	-0.000000000000000000e+00	-0.000000000000000000e+00	-0.000000000000000000e+00	-0.000000000000000000e+00	-0.000000000000000000e+00	-0.000000000000000000e+00	-0.000000000000000000e+00	-0.000000000000000000e+00	-0.000000000000000000e+00	-0.000000000000000000e+00	-0.000000000000000000e+00	-0.000000000000000000e+00	-0.000000000000000000e+00	-0.000000000000000000e+00	-0.000000000000000000e+00	-0.000000000000000000e+00	-0.000000000000000000e+00	-0.000000000000000000e+00	-0.000000000000000000e+00	-0.000000000000000000e+00	-0.000000000000000000e+00	-0.000000000000000000e+00	-0.000000000000000000e+00	-0.000000000000000000e+00	-0.000000000000000000e+00	-0.000000000000000000e+00	-0.000000000000000000e+00	-0.000000000000000000e+00	-0.000000000000000000e+00	-0.000000000000000000e+00	-0.000000000000000000e+00	-0.000000000000000000e+00	-0.000000000000000000e+00	-0.000000000000000000e+00	-0.000000000000000000e+00	-0.000000000000000000e+00	-0.000000000000000000e+00	-0.000000000000000000e+00	-0.000000000000000000e+00	-0.000000000000000000e+00	-0.000000000000000000e+00	-0.000000000000000000e+00	-0.000000000000000000e+00	-0.000000000000000000e+00	-0.000000000000000000e+00	-0.000000000000000000e+00	-0.000000000000000000e+00	-0.000000000000000000e+00	-0.000000000000000000e+00	-0.000000000000000000e+00	-0.000000000000000000e+00	-0.000000000000000000e+00	-0.000000000000000000e+00	-0.000000000000000000e+00	-0.000000000000000000e+00	-0.000000000000000000e+00	-0.000000000000000000e+00	-0.000000000000000000e+00	-0.000000000000000000e+00	-0.000000000000000000e+00	-0.000000000000000000e+00	-0.000000000000000000e+00	-0.000000000000000000e+00	-0.000000000000000000e+00	-0.000000000000000000e+00	-0.000000000000000000e+00	-0.000000000000000000e+00	-0.000000000000000000e+00	-0.000000000000000000e+00	-0.000000000000000000e+00	-0.000000000000000000e+00	-0.000000000000000000e+00	-0.000000000000000000e+00	-0.000000000000000000e+00	-0.000000000000000000e+00
9.000000000000000222e-01	9.000000000000000222e-01	9.000000000000000222e-01	9.000000000000000222e-01	9.000000000000000222e-01	9.000000000000000222e-01	9.000000000000000222e-01	9.000000000000000222e-01	9.000000000000000222e-01	9.000000000000000222e-01	9.000000000000000222e-01	9.000000000000000222e-01	9.000000000000000222e-01	9.000000000000000222e-01	9.000000000000000222e-01	9.000000000000000222e-01	1.069299999999999917e+00	1.186299999999999910e+00	1.261200000000000099e+00	1.297900000000000054e+00	1.297900000000000054e+00	1.261200000000000099e+00	1.186299999999999910e+00	1.069299999999999917e+00	9.000000000000000222e-01	9.000000000000000222e-01	9.000000000000000222e-01	9.000000000000000222e-01	9.000000000000000222e-01	9.000000000000000222e-01	9.000000000000000222e-01	9.000000000000000222e-01	9.000000000000000222e-01	9.000000000000000222e-01	9.000000000000000222e-01	9.000000000000000222e-01	9.000000000000000222e-01	9.000000000000000222e-01	9.000000000000000222e-01	9.000000000000000222e-01	9.000000000000000222e-01	9.000000000000000222e-01	9.000000000000000222e-01	9.000000000000000222e-01	9.000000000000000222e-01	9.000000000000000222e-01	9.000000000000000222e-01	9.000000000000000222e-01	9.000000000000000222e-01	9.000000000000000222e-01	9.000000000000000222e-01	9.000000000000000222e-01	9.000000000000000222e-01	9.000000000000000222e-01	9.000000000000000222e-01	9.000000000000000222e-01	9.000000000000000222e-01	9.000000000000000222e-01	9.000000000000000222e-01	9.000000000000000222e-01	9.000000000000000222e-01	9.000000000000000222e-01	9.000000000000000222e-01	9.000000000000000222e-01	9.000000000000000222e-01	9.000000000000000222e-01	1.069299999999999917e+00	1.186299999999999910e+00	1.261200000000000099e+00	1.297900000000000054e+00	1.297900000000000054e+00	1.261200000000000099e+00	1.186299999999999910e+00	1.069299999999999917e+00	9.000000000000000222e-01	9.000000000000000222e-01	9.000000000000000222e-01	9.000000000000000222e-01	9.000000000000000222e-01	9.000000000000000222e-01	9.000000000000000222e-01	9.000000000000000222e-01	9.000000000000000222e-01	9.000000000000000222e-01	9.000000000000000222e-01	9.000000000000000222e-01	9.000000000000000222e-01	9.000000000000000222e-01	9.000000000000000222e-01	9.000000000000000222e-01	9.000000000000000222e-01	9.000000000000000222e-01	9.000000000000000222e-01	9.000000000000000222e-01	9.000000000000000222e-01	9.000000000000000222e-01	9.000000000000000222e-01	9.000000000000000222e-01	9.000000000000000222e-01	9.000000000000000222e-01
-1.800000000000000044e+00	-1.800000000000000044e+00	-1.800000000000000044e+00	-1.800000000000000044e+00	-1.800000000000000044e+00	-1.800000000000000044e+00	-1.800000000000000044e+00	-1.800000000000000044e+00	-1.800000000000000044e+00	-1.800000000000000044e+00	-1.800000000000000044e+00	-1.800000000000000044e+00	-1.800000000000000044e+00	-1.800000000000000044e+00	-1.800000000000000044e+00	-1.800000000000000044e+00	-2.138500000000000068e+00	-2.372500000000000053e+00	-2.522299999999999986e+00	-2.595899999999999874e+00	-2.595899999999999874e+00	-2.522299999999999986e+00	-2.372500000000000053e+00	-2.138500000000000068e+00	-1.800000000000000044e+00	-1.800000000000000044e+00	-1.800000000000000044e+00	-1.800000000000000044e+00	-1.800000000000000044e+00	-1.800000000000000044e+00	-1.800000000000000044e+00	-1.800000000000000044e+00	-1.800000000000000044e+00	-1.800000000000000044e+00	-1.800000000000000044e+00	-1.800000000000000044e+00	-1.800000000000000044e+00	-1.800000000000000044e+00	-1.800000000000000044e+00	-1.800000000000000044e+00	-1.800000000000000044e+00	-1.800000000000000044e+00	-1.800000000000000044e+00	-1.800000000000000044e+00	-1.800000000000000044e+00	-1.800000000000000044e+00	-1.800000000000000044e+00	-1.800000000000000044e+00	-1.800000000000000044e+00	-1.800000000000000044e+00	-1.800000000000000044e+00	-1.800000000000000044e+00	-1.800000000000000044e+00	-1.800000000000000044e+00	-1.800000000000000044e+00	-1.800000000000000044e+00	-1.800000000000000044e+00	-1.800000000000000044e+00	-1.800000000000000044e+00	-1.800000000000000044e+00	-1.800000000000000044e+00	-1.800000000000000044e+00	-1.800000000000000044e+00	-1.800000000000000044e+00	-1.800000000000000044e+00	-1.800000000000000044e+00	-2.138500000000000068e+00	-2.372500000000000053e+00	-2.522299999999999986e+00	-2.595899999999999874e+00	-2.595899999999999874e+00	-2.522299999999999986e+00	-2.372500000000000053e+00	-2.138500000000000068e+00	-1.800000000000000044e+00	-1.800000000000000044e+00	-1.800000000000000044e+00	-1.800000000000000044e+00	-1.800000000000000044e+00	-1.800000000000000044e+00	-1.800000000000000044e+00	-1.800000000000000044e+00	-1.800000000000000044e+00	-1.800000000000000044e+00	-1.800000000000000044e+00	-1.800000000000000044e+00	-1.800000000000000044e+00	-1.800000000000000044e+00	-1.800000000000000044e+00	-1.800000000000000044e+00	-1.800000000000000044e+00	-1.800000000000000044e+00	-1.800000000000000044e+00	-1.800000000000000044e+00	-1.800000000000000044e+00	-1.800000000000000044e+00	-1.800000000000000044e+00	-1.800000000000000044e+00	-1.800000000000000044e+00	-1.800000000000000044e+00
0.000000000000000000e+00	0.000000000000000000e+00	0.000000000000000000e+00	0.000000000000000000e+00	0.000000000000000000e+00	0.000000000000000000e+00	0.000000000000000000e+00	0.000000000000000000e+00	0.000000000000000000e+00	0.000000000000000000e+00	0.000000000000000000e+00	0.000000000000000000e+00	0.000000000000000000e+00	0.000000000000000000e+00	0.000000000000000000e+00	0.000000000000000000e+00	0.000000000000000000e+00	0.000000000000000000e+00	0.000000000000000000e+00	0.000000000000000000e+00	0.000000000000000000e+00	0.000000000000000000e+00	0.000000000000000000e+00	0.000000000000000000e+00	0.000000000000000000e+00	0.000000000000000000e+00	0.000000000000000000e+00	0.000000000000000000e+00	0.000000000000000000e+00	0.000000000000000000e+00	0.000000000000000000e+00	0.000000000000000000e+00	0.000000000000000000e+00	0.000000000000000000e+00	0.000000000000000000e+00	0.000000000000000000e+00	0.000000000000000000e+00	0.000000000000000000e+00	0.000000000000000000e+00	0.000000000000000000e+00	0.000000000000000000e+00	0.000000000000000000e+00	0.000000000000000000e+00	0.000000000000000000e+00	0.000000000000000000e+00	0.000000000000000000e+00	0.000000000000000000e+00	0.000000000000000000e+00	0.000000000000000000e+00	0.000000000000000000e+00	0.000000000000000000e+00	0.000000000000000000e+00	0.000000000000000000e+00	0.000000000000000000e+00	0.000000000000000000e+00	0.000000000000000000e+00	0.000000000000000000e+00	0.000000000000000000e+00	0.000000000000000000e+00	0.000000000000000000e+00	0.000000000000000000e+00	0.000000000000000000e+00	0.000000000000000000e+00	0.000000000000000000e+00	0.000000000000000000e+00	0.000000000000000000e+00	0.000000000000000000e+00	0.000000000000000000e+00	0.000000000000000000e+00	0.000000000000000000e+00	0.000000000000000000e+00	0.000000000000000000e+00	0.000000000000000000e+00	0.000000000000000000e+00	0.000000000000000000e+00	0.000000000000000000e+00	0.000000000000000000e+00	0.000000000000000000e+00	0.000000000000000000e+00	0.000000000000000000e+00	0.000000000000000000e+00	0.000000000000000000e+00	0.000000000000000000e+00	0.000000000000000000e+00	0.000000000000000000e+00	0.000000000000000000e+00	0.000000000000000000e+00	0.000000000000000000e+00	0.000000000000000000e+00	0.000000000000000000e+00	0.000000000000000000e+00	0.000000000000000000e+00	0.000000000000000000e+00	0.000000000000000000e+00	0.000000000000000000e+00	0.000000000000000000e+00	0.000000000000000000e+00	0.000000000000000000e+00	0.000000000000000000e+00	0.000000000000000000e+00
9.000000000000000222e-01	9.000000000000000222e-01	9.000000000000000222e-01	9.000000000000000222e-01	9.000000000000000222e-01	9.000000000000000222e-01	9.000000000000000222e-01	9.000000000000000222e-01	9.000000000000000222e-01	9.000000000000000222e-01	9.000000000000000222e-01	9.000000000000000222e-01	9.000000000000000222e-01	9.000000000000000222e-01	9.000000000000000222e-01	9.000000000000000222e-01	9.000000000000000222e-01	9.000000000000000222e-01	9.000000000000000222e-01	9.000000000000000222e-01	9.000000000000000222e-01	9.000000000000000222e-01	9.000000000000000222e-01	9.000000000000000222e-01	9.000000000000000222e-01	9.000000000000000222e-01	9.000000000000000222e-01	9.000000000000000222e-01	9.000000000000000222e-01	9.000000000000000222e-01	9.000000000000000222e-01	9.000000000000000222e-01	9.000000000000000222e-01	9.000000000000000222e-01	9.000000000000000222e-01	9.000000000000000222e-01	9.000000000000000222e-01	9.000000000000000222e-01	9.000000000000000222e-01	9.000000000000000222e-01	9.000000000000000222e-01	1.069299999999999917e+00	1.186299999999999910e+00	1.261200000000000099e+00	1.297900000000000054e+00	1.297900000000000054e+00	1.261200000000000099e+00	1.186299999999999910e+00	1.069299999999999917e+00	9.000000000000000222e-01	9.000000000000000222e-01	9.000000000000000222e-01	9.000000000000000222e-01	9.000000000000000222e-01	9.000000000000000222e-01	9.000000000000000222e-01	9.000000000000000222e-01	9.000000000000000222e-01	9.000000000000000222e-01	9.000000000000000222e-01	9.000000000000000222e-01	9.000000000000000222e-01	9.000000000000000222e-01	9.000000000000000222e-01	9.000000000000000222e-01	9.000000000000000222e-01	9.000000000000000222e-01	9.000000000000000222e-01	9.000000000000000222e-01	9.000000000000000222e-01	9.000000000000000222e-01	9.000000000000000222e-01	9.000000000000000222e-01	9.000000000000000222e-01	9.000000000000000222e-01	9.000000000000000222e-01	9.000000000000000222e-01	9.000000000000000222e-01	9.000000000000000222e-01	9.000000000000000222e-01	9.000000000000000222e-01	9.000000000000000222e-01	9.000000000000000222e-01	9.000000000000000222e-01	9.000000000000000222e-01	9.000000000000000222e-01	9.000000000000000222e-01	9.000000000000000222e-01	9.000000000000000222e-01	9.000000000000000222e-01	9.000000000000000222e-01	1.069299999999999917e+00	1.186299999999999910e+00	1.261200000000000099e+00	1.297900000000000054e+00	1.297900000000000054e+00	1.261200000000000099e+00	1.186299999999999910e+00	1.069299999999999917e+00	9.000000000000000222e-01
-1.800000000000000044e+00	-1.800000000000000044e+00	-1.800000000000000044e+00	-1.800000000000000044e+00	-1.800000000000000044e+00	-1.800000000000000044e+00	-1.800000000000000044e+00	-1.800000000000000044e+00	-1.800000000000000044e+00	-1.800000000000000044e+00	-1.800000000000000044e+00	-1.800000000000000044e+00	-1.800000000000000044e+00	-1.800000000000000044e+00	-1.800000000000000044e+00	-1.800000000000000044e+00	-1.800000000000000044e+00	-1.800000000000000044e+00	-1.800000000000000044e+00	-1.800000000000000044e+00	-1.800000000000000044e+00	-1.800000000000000044e+00	-1.800000000000000044e+00	-1.800000000000000044e+00	-1.800000000000000044e+00	-1.800000000000000044e+00	-1.800000000000000044e+00	-1.800000000000000044e+00	-1.800000000000000044e+00	-1.800000000000000044e+00	-1.800000000000000044e+00	-1.800000000000000044e+00	-1.800000000000000044e+00	-1.800000000000000044e+00	-1.800000000000000044e+00	-1.800000000000000044e+00	-1.800000000000000044e+00	-1.800000000000000044e+00	-1.800000000000000044e+00	-1.800000000000000044e+00	-1.800000000000000044e+00	-2.138500000000000068e+00	-2.372500000000000053e+00	-2.522299999999999986e+00	-2.595899999999999874e+00	-2.595899999999999874e+00	-2.522299999999999986e+00	-2.372500000000000053e+00	-2.138500000000000068e+00	-1.800000000000000044e+00	-1.800000000000000044e+00	-1.800000000000000044e+00	-1.800000000000000044e+00	-1.800000000000000044e+00	-1.800000000000000044e+00	-1.800000000000000044e+00	-1.800000000000000044e+00	-1.800000000000000044e+00	-1.800000000000000044e+00	-1.800000000000000044e+00	-1.800000000000000044e+00	-1.800000000000000044e+00	-1.800000000000000044e+00	-1.800000000000000044e+00	-1.800000000000000044e+00	-1.800000000000000044e+00	-1.800000000000000044e+00	-1.800000000000000044e+00	-1.800000000000000044e+00	-1.800000000000000044e+00	-1.800000000000000044e+00	-1.800000000000000044e+00	-1.800000000000000044e+00	-1.800000000000000044e+00	-1.800000000000000044e+00	-1.800000000000000044e+00	-1.800000000000000044e+00	-1.800000000000000044e+00	-1.800000000000000044e+00	-1.800000000000000044e+00	-1.800000000000000044e+00	-1.800000000000000044e+00	-1.800000000000000044e+00	-1.800000000000000044e+00	-1.800000000000000044e+00	-1.800000000000000044e+00	-1.800000000000000044e+00	-1.800000000000000044e+00	-1.800000000000000044e+00	-1.800000000000000044e+00	-1.800000000000000044e+00	-2.138500000000000068e+00	-2.372500000000000053e+00	-2.522299999999999986e+00	-2.595899999999999874e+00	-2.595899999999999874e+00	-2.522299999999999986e+00	-2.372500000000000053e+00	-2.138500000000000068e+00	-1.800000000000000044e+00
0.000000000000000000e+00	0.000000000000000000e+00	0.000000000000000000e+00	0.000000000000000000e+00	0.000000000000000000e+00	0.000000000000000000e+00	0.000000000000000000e+00	0.000000000000000000e+00	0.000000000000000000e+00	0.000000000000000000e+00	0.000000000000000000e+00	0.000000000000000000e+00	0.000000000000000000e+00	0.000000000000000000e+00	0.000000000000000000e+00	0.000000000000000000e+00	0.000000000000000000e+00	0.000000000000000000e+00	0.000000000000000000e+00	0.000000000000000000e+00	0.000000000000000000e+00	0.000000000000000000e+00	0.000000000000000000e+00	0.000000000000000000e+00	0.000000000000000000e+00	0.000000000000000000e+00	0.000000000000000000e+00	0.000000000000000000e+00	0.000000000000000000e+00	0.000000000000000000e+00	0.000000000000000000e+00	0.000000000000000000e+00	0.000000000000000000e+00	0.000000000000000000e+00	0.000000000000000000e+00	0.000000000000000000e+00	0.000000000000000000e+00	0.000000000000000000e+00	0.000000000000000000e+00	0.000000000000000000e+00	0.000000000000000000e+00	0.000000000000000000e+00	0.000000000000000000e+00	0.000000000000000000e+00	0.000000000000000000e+00	0.000000000000000000e+00	0.000000000000000000e+00	0.000000000000000000e+00	0.000000000000000000e+00	0.000000000000000000e+00	0.000000000000000000e+00	0.000000000000000000e+00	0.000000000000000000e+00	0.000000000000000000e+00	0.000000000000000000e+00	0.000000000000000000e+00	0.000000000000000000e+00	0.000000000000000000e+00	0.000000000000000000e+00	0.000000000000000000e+00	0.000000000000000000e+00	0.000000000000000000e+00	0.000000000000000000e+00	0.000000000000000000e+00	0.000000000000000000e+00	0.000000000000000000e+00	0.000000000000000000e+00	0.000000000000000000e+00	0.000000000000000000e+00	0.000000000000000000e+00	0.000000000000000000e+00	0.000000000000000000e+00	0.000000000000000000e+00	0.000000000000000000e+00	0.000000000000000000e+00	0.000000000000000000e+00	0.000000000000000000e+00	0.000000000000000000e+00	0.000000000000000000e+00	0.000000000000000000e+00	0.000000000000000000e+00	0.000000000000000000e+00	0.000000000000000000e+00	0.000000000000000000e+00	0.000000000000000000e+00	0.000000000000000000e+00	0.000000000000000000e+00	0.000000000000000000e+00	0.000000000000000000e+00	0.000000000000000000e+00	0.000000000000000000e+00	0.000000000000000000e+00	0.000000000000000000e+00	0.000000000000000000e+00	0.000000000000000000e+00	0.000000000000000000e+00	0.000000000000000000e+00	0.000000000000000000e+00	0.000000000000000000e+00	0.000000000000000000e+00
0.000000000000000000e+00	0.000000000000000000e+00	0.000000000000000000e+00	0.000000000000000000e+00	0.000000000000000000e+00	0.000000000000000000e+00	0.000000000000000000e+00	0.000000000000000000e+00	0.000000000000000000e+00	0.000000000000000000e+00	0.000000000000000000e+00	0.000000000000000000e+00	0.000000000000000000e+00	0.000000000000000000e+00	0.000000000000000000e+00	0.000000000000000000e+00	0.000000000000000000e+00	0.000000000000000000e+00	0.000000000000000000e+00	0.000000000000000000e+00	0.000000000000000000e+00	0.000000000000000000e+00	0.000000000000000000e+00	0.000000000000000000e+00	0.000000000000000000e+00	0.000000000000000000e+00	0.000000000000000000e+00	0.000000000000000000e+00	0.000000000000000000e+00	0.000000000000000000e+00	0.000000000000000000e+00	0.000000000000000000e+00	0.000000000000000000e+00	0.000000000000000000e+00	0.000000000000000000e+00	0.000000000000000000e+00	0.000000000000000000e+00	0.000000000000000000e+00	0.000000000000000000e+00	0.000000000000000000e+00	1.692999999999998906e+01	1.169999999999999929e+01	7.490000000000018865e+00	3.669999999999995488e+00	0.000000000000000000e+00	-3.669999999999995488e+00	-7.490000000000018865e+00	-1.169999999999999929e+01	-1.692999999999998906e+01	0.000000000000000000e+00	0.000000000000000000e+00	0.000000000000000000e+00	0.000000000000000000e+00	0.000000000000000000e+00	0.000000000000000000e+00	0.000000000000000000e+00	0.000000000000000000e+00	0.000000000000000000e+00	0.000000000000000000e+00	0.000000000000000000e+00	0.000000000000000000e+00	0.000000000000000000e+00	0.000000000000000000e+00	0.000000000000000000e+00	0.000000000000000000e+00	0.000000000000000000e+00	0.000000000000000000e+00	0.000000000000000000e+00	0.000000000000000000e+00	0.000000000000000000e+00	0.000000000000000000e+00	0.000000000000000000e+00	0.000000000000000000e+00	0.000000000000000000e+00	0.000000000000000000e+00	0.000000000000000000e+00	0.000000000000000000e+00	0.000000000000000000e+00	0.000000000000000000e+00	0.000000000000000000e+00	0.000000000000000000e+00	0.000000000000000000e+00	0.000000000000000000e+00	0.000000000000000000e+00	0.000000000000000000e+00	0.000000000000000000e+00	0.000000000000000000e+00	0.000000000000000000e+00	0.000000000000000000e+00	0.000000000000000000e+00	1.692999999999998906e+01	1.169999999999999929e+01	7.490000000000018865e+00	3.669999999999995488e+00	0.000000000000000000e+00	-3.669999999999995488e+00	-7.490000000000018865e+00	-1.169999999999999929e+01	-1.692999999999998906e+01	0.000000000000000000e+00
0.000000000000000000e+00	0.000000000000000000e+00	0.000000000000000000e+00	0.000000000000000000e+00	0.000000000000000000e+00	0.000000000000000000e+00	0.000000000000000000e+00	0.000000000000000000e+00	0.000000000000000000e+00	0.000000000000000000e+00	0.000000000000000000e+00	0.000000000000000000e+00	0.000000000000000000e+00	0.000000000000000000e+00	0.000000000000000000e+00	0.000000000000000000e+00	0.000000000000000000e+00	0.000000000000000000e+00	0.000000000000000000e+00	0.000000000000000000e+00	0.000000000000000000e+00	0.000000000000000000e+00	0.000000000000000000e+00	0.000000000000000000e+00	0.000000000000000000e+00	0.000000000000000000e+00	0.000000000000000000e+00	0.000000000000000000e+00	0.000000000000000000e+00	0.000000000000000000e+00	0.000000000000000000e+00	0.000000000000000000e+00	0.000000000000000000e+00	0.000000000000000000e+00	0.000000000000000000e+00	0.000000000000000000e+00	0.000000000000000000e+00	0.000000000000000000e+00	0.000000000000000000e+00	0.000000000000000000e+00	-3.385000000000000142e+01	-2.339999999999999858e+01	-1.497999999999999332e+01	-7.359999999999988773e+00	0.000000000000000000e+00	7.359999999999988773e+00	1.497999999999999332e+01	2.339999999999999858e+01	3.385000000000000142e+01	0.000000000000000000e+00	0.000000000000000000e+00	0.000000000000000000e+00	0.000000000000000000e+00	0.000000000000000000e+00	0.000000000000000000e+00	0.000000000000000000e+00	0.000000000000000000e+00	0.000000000000000000e+00	0.000000000000000000e+00	0.000000000000000000e+00	0.000000000000000000e+00	0.000000000000000000e+00	0.000000000000000000e+00	0.000000000000000000e+00	0.000000000000000000e+00	0.000000000000000000e+00	0.000000000000000000e+00	0.000000000000000000e+00	0.000000000000000000e+00	0.000000000000000000e+00	0.000000000000000000e+00	0.000000000000000000e+00	0.000000000000000000e+00	0.000000000000000000e+00	0.000000000000000000e+00	0.000000000000000000e+00	0.000000000000000000e+00	0.000000000000000000e+00	0.000000000000000000e+00	0.000000000000000000e+00	0.000000000000000000e+00	0.000000000000000000e+00	0.000000000000000000e+00	0.000000000000000000e+00	0.000000000000000000e+00	0.000000000000000000e+00	0.000000000000000000e+00	0.000000000000000000e+00	0.000000000000000000e+00	0.000000000000000000e+00	-3.385000000000000142e+01	-2.339999999999999858e+01	-1.497999999999999332e+01	-7.359999999999988773e+00	0.000000000000000000e+00	7.359999999999988773e+00	1.497999999999999332e+01	2.339999999999999858e+01	3.385000000000000142e+01	0.000000000000000000e+00
0.000000000000000000e+00	0.000000000000000000e+00	0.000000000000000000e+00	0.000000000000000000e+00	0.000000000000000000e+00	0.000000000000000000e+00	0.000000000000000000e+00	0.000000000000000000e+00	0.000000000000000000e+00	0.000000000000000000e+00	0.000000000000000000e+00	0.000000000000000000e+00	0.000000000000000000e+00	0.000000000000000000e+00	0.000000000000000000e+00	0.000000000000000000e+00	0.000000000000000000e+00	0.000000000000000000e+00	0.000000000000000000e+00	0.000000000000000000e+00	0.000000000000000000e+00	0.000000000000000000e+00	0.000000000000000000e+00	0.000000000000000000e+00	0.000000000000000000e+00	0.000000000000000000e+00	0.000000000000000000e+00	0.000000000000000000e+00	0.000000000000000000e+00	0.000000000000000000e+00	0.000000000000000000e+00	0.000000000000000000e+00	0.000000000000000000e+00	0.000000000000000000e+00	0.000000000000000000e+00	0.000000000000000000e+00	0.000000000000000000e+00	0.000000000000000000e+00	0.000000000000000000e+00	0.000000000000000000e+00	0.000000000000000000e+00	0.000000000000000000e+00	0.000000000000000000e+00	0.000000000000000000e+00	0.000000000000000000e+00	0.000000000000000000e+00	0.000000000000000000e+00	0.000000000000000000e+00	0.000000000000000000e+00	0.000000000000000000e+00	0.000000000000000000e+00	0.000000000000000000e+00	0.000000000000000000e+00	0.000000000000000000e+00	0.000000000000000000e+00	0.000000000000000000e+00	0.000000000000000000e+00	0.000000000000000000e+00	0.000000000000000000e+00	0.000000000000000000e+00	0.000000000000000000e+00	0.000000000000000000e+00	0.000000000000000000e+00	0.000000000000000000e+00	0.000000000000000000e+00	0.000000000000000000e+00	0.000000000000000000e+00	0.000000000000000000e+00	0.000000000000000000e+00	0.000000000000000000e+00	0.000000000000000000e+00	0.000000000000000000e+00	0.000000000000000000e+00	0.000000000000000000e+00	0.000000000000000000e+00	0.000000000000000000e+00	0.000000000000000000e+00	0.000000000000000000e+00	0.000000000000000000e+00	0.000000000000000000e+00	0.000000000000000000e+00	0.000000000000000000e+00	0.000000000000000000e+00	0.000000000000000000e+00	0.000000000000000000e+00	0.000000000000000000e+00	0.000000000000000000e+00	0.000000000000000000e+00	0.000000000000000000e+00	0.000000000000000000e+00	0.000000000000000000e+00	0.000000000000000000e+00	0.000000000000000000e+00	0.000000000000000000e+00	0.000000000000000000e+00	0.000000000000000000e+00	0.000000000000000000e+00	0.000000000000000000e+00	0.000000000000000000e+00	0.000000000000000000e+00
0.000000000000000000e+00	0.000000000000000000e+00	0.000000000000000000e+00	0.000000000000000000e+00	0.000000000000000000e+00	0.000000000000000000e+00	0.000000000000000000e+00	0.000000000000000000e+00	0.000000000000000000e+00	0.000000000000000000e+00	0.000000000000000000e+00	0.000000000000000000e+00	0.000000000000000000e+00	0.000000000000000000e+00	0.000000000000000000e+00	1.692999999999998906e+01	1.169999999999999929e+01	7.490000000000018865e+00	3.669999999999995488e+00	0.000000000000000000e+00	-3.669999999999995488e+00	-7.490000000000018865e+00	-1.169999999999999929e+01	-1.692999999999998906e+01	0.000000000000000000e+00	0.000000000000000000e+00	0.000000000000000000e+00	0.000000000000000000e+00	0.000000000000000000e+00	0.000000000000000000e+00	0.000000000000000000e+00	0.000000000000000000e+00	0.000000000000000000e+00	0.000000000000000000e+00	0.000000000000000000e+00	0.000000000000000000e+00	0.000000000000000000e+00	0.000000000000000000e+00	0.000000000000000000e+00	0.000000000000000000e+00	0.000000000000000000e+00	0.000000000000000000e+00	0.000000000000000000e+00	0.000000000000000000e+00	0.000000000000000000e+00	0.000000000000000000e+00	0.000000000000000000e+00	0.000000000000000000e+00	0.000000000000000000e+00	0.000000000000000000e+00	0.000000000000000000e+00	0.000000000000000000e+00	0.000000000000000000e+00	0.000000000000000000e+00	0.000000000000000000e+00	0.000000000000000000e+00	0.000000000000000000e+00	0.000000000000000000e+00	0.000000000000000000e+00	0.000000000000000000e+00	0.000000000000000000e+00	0.000000000000000000e+00	0.000000000000000000e+00	0.000000000000000000e+00	0.000000000000000000e+00	1.692999999999998906e+01	1.169999999999999929e+01	7.490000000000018865e+00	3.669999999999995488e+00	0.000000000000000000e+00	-3.669999999999995488e+00	-7.490000000000018865e+00	-1.169999999999999929e+01	-1.692999999999998906e+01	0.000000000000000000e+00	0.000000000000000000e+00	0.000000000000000000e+00	0.000000000000000000e+00	0.000000000000000000e+00	0.000000000000000000e+00	0.000000000000000000e+00	0.000000000000000000e+00	0.000000000000000000e+00	0.000000000000000000e+00	0.000000000000000000e+00	0.000000000000000000e+00	0.000000000000000000e+00	0.000000000000000000e+00	0.000000000000000000e+00	0.000000000000000000e+00	0.000000000000000000e+00	0.000000000000000000e+00	0.000000000000000000e+00	0.000000000000000000e+00	0.000000000000000000e+00	0.000000000000000000e+00	0.000000000000000000e+00	0.000000000000000000e+00	0.000000000000000000e+00	0.000000000000000000e+00
0.000000000000000000e+00	0.000000000000000000e+00	0.000000000000000000e+00	0.000000000000000000e+00	0.000000000000000000e+00	0.000000000000000000e+00	0.000000000000000000e+00	0.000000000000000000e+00	0.000000000000000000e+00	0.000000000000000000e+00	0.000000000000000000e+00	0.000000000000000000e+00	0.000000000000000000e+00	0.000000000000000000e+00	0.000000000000000000e+00	-3.385000000000000142e+01	-2.339999999999999858e+01	-1.497999999999999332e+01	-7.359999999999988773e+00	0.000000000000000000e+00	7.359999999999988773e+00	1.497999999999999332e+01	2.339999999999999858e+01	3.385000000000000142e+01	0.000000000000000000e+00	0.000000000000000000e+00	0.000000000000000000e+00	0.000000000000000000e+00	0.000000000000000000e+00	0.000000000000000000e+00	0.000000000000000000e+00	0.000000000000000000e+00	0.000000000000000000e+00	0.000000000000000000e+00	0.000000000000000000e+00	0.000000000000000000e+00	0.000000000000000000e+00	0.000000000000000000e+00	0.000000000000000000e+00	0.000000000000000000e+00	0.000000000000000000e+00	0.000000000000000000e+00	0.000000000000000000e+00	0.000000000000000000e+00	0.000000000000000000e+00	0.000000000000000000e+00	0.000000000000000000e+00	0.000000000000000000e+00	0.000000000000000000e+00	0.000000000000000000e+00	0.000000000000000000e+00	0.000000000000000000e+00	0.000000000000000000e+00	0.000000000000000000e+00	0.000000000000000000e+00	0.000000000000000000e+00	0.000000000000000000e+00	0.000000000000000000e+00	0.000000000000000000e+00	0.000000000000000000e+00	0.000000000000000000e+00	0.000000000000000000e+00	0.000000000000000000e+00	0.000000000000000000e+00	0.000000000000000000e+00	-3.385000000000000142e+01	-2.339999999999999858e+01	-1.497999999999999332e+01	-7.359999999999988773e+00	0.000000000000000000e+00	7.359999999999988773e+00	1.497999999999999332e+01	2.339999999999999858e+01	3.385000000000000142e+01	0.000000000000000000e+00	0.000000000000000000e+00	0.000000000000000000e+00	0.000000000000000000e+00	0.000000000000000000e+00	0.000000000000000000e+00	0.000000000000000000e+00	0.000000000000000000e+00	0.000000000000000000e+00	0.000000000000000000e+00	0.000000000000000000e+00	0.000000000000000000e+00	0.000000000000000000e+00	0.000000000000000000e+00	0.000000000000000000e+00	0.000000000000000000e+00	0.000000000000000000e+00	0.000000000000000000e+00	0.000000000000000000e+00	0.000000000000000000e+00	0.000000000000000000e+00	0.000000000000000000e+00	0.000000000000000000e+00	0.000000000000000000e+00	0.000000000000000000e+00	0.000000000000000000e+00
0.000000000000000000e+00	0.000000000000000000e+00	0.000000000000000000e+00	0.000000000000000000e+00	0.000000000000000000e+00	0.000000000000000000e+00	0.000000000000000000e+00	0.000000000000000000e+00	0.000000000000000000e+00	0.000000000000000000e+00	0.000000000000000000e+00	0.000000000000000000e+00	0.000000000000000000e+00	0.000000000000000000e+00	0.000000000000000000e+00	0.000000000000000000e+00	0.000000000000000000e+00	0.000000000000000000e+00	0.000000000000000000e+00	0.000000000000000000e+00	0.000000000000000000e+00	0.000000000000000000e+00	0.000000000000000000e+00	0.000000000000000000e+00	0.000000000000000000e+00	0.000000000000000000e+00	0.000000000000000000e+00	0.000000000000000000e+00	0.000000000000000000e+00	0.000000000000000000e+00	0.000000000000000000e+00	0.000000000000000000e+00	0.000000000000000000e+00	0.000000000000000000e+00	0.000000000000000000e+00	0.000000000000000000e+00	0.000000000000000000e+00	0.000000000000000000e+00	0.000000000000000000e+00	0.000000000000000000e+00	0.000000000000000000e+00	0.000000000000000000e+00	0.000000000000000000e+00	0.000000000000000000e+00	0.000000000000000000e+00	0.000000000000000000e+00	0.000000000000000000e+00	0.000000000000000000e+00	0.000000000000000000e+00	0.000000000000000000e+00	0.000000000000000000e+00	0.000000000000000000e+00	0.000000000000000000e+00	0.000000000000000000e+00	0.000000000000000000e+00	0.000000000000000000e+00	0.000000000000000000e+00	0.000000000000000000e+00	0.000000000000000000e+00	0.000000000000000000e+00	0.000000000000000000e+00	0.000000000000000000e+00	0.000000000000000000e+00	0.000000000000000000e+00	0.000000000000000000e+00	0.000000000000000000e+00	0.000000000000000000e+00	0.000000000000000000e+00	0.000000000000000000e+00	0.000000000000000000e+00	0.000000000000000000e+00	0.000000000000000000e+00	0.000000000000000000e+00	0.000000000000000000e+00	0.000000000000000000e+00	0.000000000000000000e+00	0.000000000000000000e+00	0.000000000000000000e+00	0.000000000000000000e+00	0.000000000000000000e+00	0.000000000000000000e+00	0.000000000000000000e+00	0.000000000000000000e+00	0.000000000000000000e+00	0.000000000000000000e+00	0.000000000000000000e+00	0.000000000000000000e+00	0.000000000000000000e+00	0.000000000000000000e+00	0.000000000000000000e+00	0.000000000000000000e+00	0.000000000000000000e+00	0.000000000000000000e+00	0.000000000000000000e+00	0.000000000000000000e+00	0.000000000000000000e+00	0.000000000000000000e+00	0.000000000000000000e+00	0.000000000000000000e+00	0.000000000000000000e+00
0.000000000000000000e+00	0.000000000000000000e+00	0.000000000000000000e+00	0.000000000000000000e+00	0.000000000000000000e+00	0.000000000000000000e+00	0.000000000000000000e+00	0.000000000000000000e+00	0.000000000000000000e+00	0.000000000000000000e+00	0.000000000000000000e+00	0.000000000000000000e+00	0.000000000000000000e+00	0.000000000000000000e+00	0.000000000000000000e+00	1.692999999999998906e+01	1.169999999999999929e+01	7.490000000000018865e+00	3.669999999999995488e+00	0.000000000000000000e+00	-3.669999999999995488e+00	-7.490000000000018865e+00	-1.169999999999999929e+01	-1.692999999999998906e+01	0.000000000000000000e+00	0.000000000000000000e+00	0.000000000000000000e+00	0.000000000000000000e+00	0.000000000000000000e+00	0.000000000000000000e+00	0.000000000000000000e+00	0.000000000000000000e+00	0.000000000000000000e+00	0.000000000000000000e+00	0.000000000000000000e+00	0.000000000000000000e+00	0.000000000000000000e+00	0.000000000000000000e+00	0.000000000000000000e+00	0.000000000000000000e+00	0.000000000000000000e+00	0.000000000000000000e+00	0.000000000000000000e+00	0.000000000000000000e+00	0.000000000000000000e+00	0.000000000000000000e+00	0.000000000000000000e+00	0.000000000000000000e+00	0.000000000000000000e+00	0.000000000000000000e+00	0.000000000000000000e+00	0.000000000000000000e+00	0.000000000000000000e+00	0.000000000000000000e+00	0.000000000000000000e+00	0.000000000000000000e+00	0.000000000000000000e+00	0.000000000000000000e+00	0.000000000000000000e+00	0.000000000000000000e+00	0.000000000000000000e+00	0.000000000000000000e+00	0.000000000000000000e+00	0.000000000000000000e+00	0.000000000000000000e+00	1.692999999999998906e+01	1.169999999999999929e+01	7.490000000000018865e+00	3.669999999999995488e+00	0.000000000000000000e+00	-3.669999999999995488e+00	-7.490000000000018865e+00	-1.169999999999999929e+01	-1.692999999999998906e+01	0.000000000000000000e+00	0.000000000000000000e+00	0.000000000000000000e+00	0.000000000000000000e+00	0.000000000000000000e+00	0.000000000000000000e+00	0.000000000000000000e+00	0.000000000000000000e+00	0.000000000000000000e+00	0.000000000000000000e+00	0.000000000000000000e+00	0.000000000000000000e+00	0.000000000000000000e+00	0.000000000000000000e+00	0.000000000000000000e+00	0.000000000000000000e+00	0.000000000000000000e+00	0.000000000000000000e+00	0.000000000000000000e+00	0.000000000000000000e+00	0.000000000000000000e+00	0.000000000000000000e+00	0.000000000000000000e+00	0.000000000000000000e+00	0.000000000000000000e+00	0.000000000000000000e+00
0.000000000000000000e+00	0.000000000000000000e+00	0.000000000000000000e+00	0.000000000000000000e+00	0.000000000000000000e+00	0.000000000000000000e+00	0.000000000000000000e+00	0.000000000000000000e+00	0.000000000000000000e+00	0.000000000000000000e+00	0.000000000000000000e+00	0.000000000000000000e+00	0.000000000000000000e+00	0.000000000000000000e+00	0.000000000000000000e+00	-3.385000000000000142e+01	-2.339999999999999858e+01	-1.497999999999999332e+01	-7.359999999999988773e+00	0.000000000000000000e+00	7.359999999999988773e+00	1.497999999999999332e+01	2.339999999999999858e+01	3.385000000000000142e+01	0.000000000000000000e+00	0.000000000000000000e+00	0.000000000000000000e+00	0.000000000000000000e+00	0.000000000000000000e+00	0.000000000000000000e+00	0.000000000000000000e+00	0.000000000000000000e+00	0.000000000000000000e+00	0.000000000000000000e+00	0.000000000000000000e+00	0.000000000000000000e+00	0.000000000000000000e+00	0.000000000000000000e+00	0.000000000000000000e+00	0.000000000000000000e+00	0.000000000000000000e+00	0.000000000000000000e+00	0.000000000000000000e+00	0.000000000000000000e+00	0.000000000000000000e+00	0.000000000000000000e+00	0.000000000000000000e+00	0.000000000000000000e+00	0.000000000000000000e+00	0.000000000000000000e+00	0.000000000000000000e+00	0.000000000000000000e+00	0.000000000000000000e+00	0.000000000000000000e+00	0.000000000000000000e+00	0.000000000000000000e+00	0.000000000000000000e+00	0.000000000000000000e+00	0.000000000000000000e+00	0.000000000000000000e+00	0.000000000000000000e+00	0.000000000000000000e+00	0.000000000000000000e+00	0.000000000000000000e+00	0.000000000000000000e+00	-3.385000000000000142e+01	-2.339999999999999858e+01	-1.497999999999999332e+01	-7.359999999999988773e+00	0.000000000000000000e+00	7.359999999999988773e+00	1.497999999999999332e+01	2.339999999999999858e+01	3.385000000000000142e+01	0.000000000000000000e+00	0.000000000000000000e+00	0.000000000000000000e+00	0.000000000000000000e+00	0.000000000000000000e+00	0.000000000000000000e+00	0.000000000000000000e+00	0.000000000000000000e+00	0.000000000000000000e+00	0.000000000000000000e+00	0.000000000000000000e+00	0.000000000000000000e+00	0.000000000000000000e+00	0.000000000000000000e+00	0.000000000000000000e+00	0.000000000000000000e+00	0.000000000000000000e+00	0.000000000000000000e+00	0.000000000000000000e+00	0.000000000000000000e+00	0.000000000000000000e+00	0.000000000000000000e+00	0.000000000000000000e+00	0.000000000000000000e+00	0.000000000000000000e+00	0.000000000000000000e+00
0.000000000000000000e+00	0.000000000000000000e+00	0.000000000000000000e+00	0.000000000000000000e+00	0.000000000000000000e+00	0.000000000000000000e+00	0.000000000000000000e+00	0.000000000000000000e+00	0.000000000000000000e+00	0.000000000000000000e+00	0.000000000000000000e+00	0.000000000000000000e+00	0.000000000000000000e+00	0.000000000000000000e+00	0.000000000000000000e+00	0.000000000000000000e+00	0.000000000000000000e+00	0.000000000000000000e+00	0.000000000000000000e+00	0.000000000000000000e+00	0.000000000000000000e+00	0.000000000000000000e+00	0.000000000000000000e+00	0.000000000000000000e+00	0.000000000000000000e+00	0.000000000000000000e+00	0.000000000000000000e+00	0.000000000000000000e+00	0.000000000000000000e+00	0.000000000000000000e+00	0.000000000000000000e+00	0.000000000000000000e+00	0.000000000000000000e+00	0.000000000000000000e+00	0.000000000000000000e+00	0.000000000000000000e+00	0.000000000000000000e+00	0.000000000000000000e+00	0.000000000000000000e+00	0.000000000000000000e+00	0.000000000000000000e+00	0.000000000000000000e+00	0.000000000000000000e+00	0.000000000000000000e+00	0.000000000000000000e+00	0.000000000000000000e+00	0.000000000000000000e+00	0.000000000000000000e+00	0.000000000000000000e+00	0.000000000000000000e+00	0.000000000000000000e+00	0.000000000000000000e+00	0.000000000000000000e+00	0.000000000000000000e+00	0.000000000000000000e+00	0.000000000000000000e+00	0.000000000000000000e+00	0.000000000000000000e+00	0.000000000000000000e+00	0.000000000000000000e+00	0.000000000000000000e+00	0.000000000000000000e+00	0.000000000000000000e+00	0.000000000000000000e+00	0.000000000000000000e+00	0.000000000000000000e+00	0.000000000000000000e+00	0.000000000000000000e+00	0.000000000000000000e+00	0.000000000000000000e+00	0.000000000000000000e+00	0.000000000000000000e+00	0.000000000000000000e+00	0.000000000000000000e+00	0.000000000000000000e+00	0.000000000000000000e+00	0.000000000000000000e+00	0.000000000000000000e+00	0.000000000000000000e+00	0.000000000000000000e+00	0.000000000000000000e+00	0.000000000000000000e+00	0.000000000000000000e+00	0.000000000000000000e+00	0.000000000000000000e+00	0.000000000000000000e+00	0.000000000000000000e+00	0.000000000000000000e+00	0.000000000000000000e+00	0.000000000000000000e+00	0.000000000000000000e+00	0.000000000000000000e+00	0.000000000000000000e+00	0.000000000000000000e+00	0.000000000000000000e+00	0.000000000000000000e+00	0.000000000000000000e+00	0.000000000000000000e+00	0.000000000000000000e+00	0.000000000000000000e+00
0.000000000000000000e+00	0.000000000000000000e+00	0.000000000000000000e+00	0.000000000000000000e+00	0.000000000000000000e+00	0.000000000000000000e+00	0.000000000000000000e+00	0.000000000000000000e+00	0.000000000000000000e+00	0.000000000000000000e+00	0.000000000000000000e+00	0.000000000000000000e+00	0.000000000000000000e+00	0.000000000000000000e+00	0.000000000000000000e+00	0.000000000000000000e+00	0.000000000000000000e+00	0.000000000000000000e+00	0.000000000000000000e+00	0.000000000000000000e+00	0.000000000000000000e+00	0.000000000000000000e+00	0.000000000000000000e+00	0.000000000000000000e+00	0.000000000000000000e+00	0.000000000000000000e+00	0.000000000000000000e+00	0.000000000000000000e+00	0.000000000000000000e+00	0.000000000000000000e+00	0.000000000000000000e+00	0.000000000000000000e+00	0.000000000000000000e+00	0.000000000000000000e+00	0.000000000000000000e+00	0.000000000000000000e+00	0.000000000000000000e+00	0.000000000000000000e+00	0.000000000000000000e+00	0.000000000000000000e+00	1.692999999999998906e+01	1.169999999999999929e+01	7.490000000000018865e+00	3.669999999999995488e+00	0.000000000000000000e+00	-3.669999999999995488e+00	-7.490000000000018865e+00	-1.169999999999999929e+01	-1.692999999999998906e+01	0.000000000000000000e+00	0.000000000000000000e+00	0.000000000000000000e+00	0.000000000000000000e+00	0.000000000000000000e+00	0.000000000000000000e+00	0.000000000000000000e+00	0.000000000000000000e+00	0.000000000000000000e+00	0.000000000000000000e+00	0.000000000000000000e+00	0.000000000000000000e+00	0.000000000000000000e+00	0.000000000000000000e+00	0.000000000000000000e+00	0.000000000000000000e+00	0.000000000000000000e+00	0.000000000000000000e+00	0.000000000000000000e+00	0.000000000000000000e+00	0.000000000000000000e+00	0.000000000000000000e+00	0.000000000000000000e+00	0.000000000000000000e+00	0.000000000000000000e+00	0.000000000000000000e+00	0.000000000000000000e+00	0.000000000000000000e+00	0.000000000000000000e+00	0.000000000000000000e+00	0.000000000000000000e+00	0.000000000000000000e+00	0.000000000000000000e+00	0.000000000000000000e+00	0.000000000000000000e+00	0.000000000000000000e+00	0.000000000000000000e+00	0.000000000000000000e+00	0.000000000000000000e+00	0.000000000000000000e+00	0.000000000000000000e+00	1.692999999999998906e+01	1.169999999999999929e+01	7.490000000000018865e+00	3.669999999999995488e+00	0.000000000000000000e+00	-3.669999999999995488e+00	-7.490000000000018865e+00	-1.169999999999999929e+01	-1.692999999999998906e+01	0.000000000000000000e+00
0.000000000000000000e+00	0.000000000000000000e+00	0.000000000000000000e+00	0.000000000000000000e+00	0.000000000000000000e+00	0.000000000000000000e+00	0.000000000000000000e+00	0.000000000000000000e+00	0.000000000000000000e+00	0.000000000000000000e+00	0.000000000000000000e+00	0.000000000000000000e+00	0.000000000000000000e+00	0.000000000000000000e+00	0.000000000000000000e+00	0.000000000000000000e+00	0.000000000000000000e+00	0.000000000000000000e+00	0.000000000000000000e+00	0.000000000000000000e+00	0.000000000000000000e+00	0.000000000000000000e+00	0.000000000000000000e+00	0.000000000000000000e+00	0.000000000000000000e+00	0.000000000000000000e+00	0.000000000000000000e+00	0.000000000000000000e+00	0.000000000000000000e+00	0.000000000000000000e+00	0.000000000000000000e+00	0.000000000000000000e+00	0.000000000000000000e+00	0.000000000000000000e+00	0.000000000000000000e+00	0.000000000000000000e+00	0.000000000000000000e+00	0.000000000000000000e+00	0.000000000000000000e+00	0.000000000000000000e+00	-3.385000000000000142e+01	-2.339999999999999858e+01	-1.497999999999999332e+01	-7.359999999999988773e+00	0.000000000000000000e+00	7.359999999999988773e+00	1.497999999999999332e+01	2.339999999999999858e+01	3.385000000000000142e+01	0.000000000000000000e+00	0.000000000000000000e+00	0.000000000000000000e+00	0.000000000000000000e+00	0.000000000000000000e+00	0.000000000000000000e+00	0.000000000000000000e+00	0.000000000000000000e+00	0.000000000000000000e+00	0.000000000000000000e+00	0.000000000000000000e+00	0.000000000000000000e+00	0.000000000000000000e+00	0.000000000000000000e+00	0.000000000000000000e+00	0.000000000000000000e+00	0.000000000000000000e+00	0.000000000000000000e+00	0.000000000000000000e+00	0.000000000000000000e+00	0.000000000000000000e+00	0.000000000000000000e+00	0.000000000000000000e+00	0.000000000000000000e+00	0.000000000000000000e+00	0.000000000000000000e+00	0.000000000000000000e+00	0.000000000000000000e+00	0.000000000000000000e+00	0.000000000000000000e+00	0.000000000000000000e+00	0.000000000000000000e+00	0.000000000000000000e+00	0.000000000000000000e+00	0.000000000000000000e+00	0.000000000000000000e+00	0.000000000000000000e+00	0.000000000000000000e+00	0.000000000000000000e+00	0.000000000000000000e+00	0.000000000000000000e+00	-3.385000000000000142e+01	-2.339999999999999858e+01	-1.497999999999999332e+01	-7.359999999999988773e+00	0.000000000000000000e+00	7.359999999999988773e+00	1.497999999999999332e+01	2.339999999999999858e+01	3.385000000000000142e+01	0.000000000000000000e+00
