-0.000000000000000000e+00	-0.000000000000000000e+00	-0.000000000000000000e+00	-0.000000000000000000e+00	-0.000000000000000000e+00	-0.000000000000000000e+00	-0.000000000000000000e+00	-0.000000000000000000e+00	-0.000000000000000000e+00	-0.000000000000000000e+00	-0.000000000000000000e+00	-0.000000000000000000e+00	-0.000000000000000000e+00	-0.000000000000000000e+00	-0.000000000000000000e+00	-0.000000000000000000e+00	-0.000000000000000000e+00	-0.000000000000000000e+00	-0.000000000000000000e+00	-0.000000000000000000e+00	-0.000000000000000000e+00	-0.000000000000000000e+00	-0.000000000000000000e+00	-0.000000000000000000e+00	-0.000000000000000000e+00	-0.000000000000000000e+00	-0.000000000000000000e+00	-4.649999999999999967e-02	-0.000000000000000000e+00	-0.000000000000000000e+00	-0.000000000000000000e+00	-0.000000000000000000e+00	-0.000000000000000000e+00	-0.000000000000000000e+00	-0.000000000000000000e+00	-0.000000000000000000e+00	-0.000000000000000000e+00	-0.000000000000000000e+00	-0.000000000000000000e+00	-0.000000000000000000e+00	-0.000000000000000000e+00	-0.000000000000000000e+00	-0.000000000000000000e+00	-0.000000000000000000e+00	-0.000000000000000000e+00	-0.000000000000000000e+00	-0.000000000000000000e+00	-0.000000000000000000e+00	-0.000000000000000000e+00	-0.000000000000000000e+00	-0.000000000000000000e+00	-0.000000000000000000e+00	-0.000000000000000000e+00	-0.000000000000000000e+00	-0.000000000000000000e+00	-0.000000000000000000e+00	-0.000000000000000000e+00	-4.649999999999999967e-02	-0.000000000000000000e+00	-0.000000000000000000e+00
9.000000000000000222e-01	9.000000000000000222e-01	9.000000000000000222e-01	9.000000000000000222e-01	9.000000000000000222e-01	9.000000000000000222e-01	9.000000000000000222e-01	9.000000000000000222e-01	9.000000000000000222e-01	9.000000000000000222e-01	9.000000000000000222e-01	9.000000000000000222e-01	9.000000000000000222e-01	9.000000000000000222e-01	9.000000000000000222e-01	9.000000000000000222e-01	9.000000000000000222e-01	9.000000000000000222e-01	9.000000000000000222e-01	9.000000000000000222e-01	9.000000000000000222e-01	9.000000000000000222e-01	9.000000000000000222e-01	9.000000000000000222e-01	9.000000000000000222e-01	9.000000000000000222e-01	1.418099999999999916e+00	1.566400000000000015e+00	1.418099999999999916e+00	9.000000000000000222e-01	9.000000000000000222e-01	9.000000000000000222e-01	9.000000000000000222e-01	9.000000000000000222e-01	9.000000000000000222e-01	9.000000000000000222e-01	9.000000000000000222e-01	9.000000000000000222e-01	9.000000000000000222e-01	9.000000000000000222e-01	9.000000000000000222e-01	9.000000000000000222e-01	9.000000000000000222e-01	9.000000000000000222e-01	9.000000000000000222e-01	9.000000000000000222e-01	9.000000000000000222e-01	9.000000000000000222e-01	9.000000000000000222e-01	9.000000000000000222e-01	9.000000000000000222e-01	9.000000000000000222e-01	9.000000000000000222e-01	9.000000000000000222e-01	9.000000000000000222e-01	9.000000000000000222e-01	1.418099999999999916e+00	1.566400000000000015e+00	1.418099999999999916e+00	9.000000000000000222e-01
-1.800000000000000044e+00	-1.800000000000000044e+00	-1.800000000000000044e+00	-1.800000000000000044e+00	-1.800000000000000044e+00	-1.800000000000000044e+00	-1.800000000000000044e+00	-1.800000000000000044e+00	-1.800000000000000044e+00	-1.800000000000000044e+00	-1.800000000000000044e+00	-1.800000000000000044e+00	-1.800000000000000044e+00	-1.800000000000000044e+00	-1.800000000000000044e+00	-1.800000000000000044e+00	-1.800000000000000044e+00	-1.800000000000000044e+00	-1.800000000000000044e+00	-1.800000000000000044e+00	-1.800000000000000044e+00	-1.800000000000000044e+00	-1.800000000000000044e+00	-1.800000000000000044e+00	-1.800000000000000044e+00	-1.800000000000000044e+00	-2.836199999999999832e+00	-3.132899999999999796e+00	-2.836199999999999832e+00	-1.800000000000000044e+00	-1.800000000000000044e+00	-1.800000000000000044e+00	-1.800000000000000044e+00	-1.800000000000000044e+00	-1.800000000000000044e+00	-1.800000000000000044e+00	-1.800000000000000044e+00	-1.800000000000000044e+00	-1.800000000000000044e+00	-1.800000000000000044e+00	-1.800000000000000044e+00	-1.800000000000000044e+00	-1.800000000000000044e+00	-1.800000000000000044e+00	-1.800000000000000044e+00	-1.800000000000000044e+00	-1.800000000000000044e+00	-1.800000000000000044e+00	-1.800000000000000044e+00	-1.800000000000000044e+00	-1.800000000000000044e+00	-1.800000000000000044e+00	-1.800000000000000044e+00	-1.800000000000000044e+00	-1.800000000000000044e+00	-1.800000000000000044e+00	-2.836199999999999832e+00	-3.132899999999999796e+00	-2.836199999999999832e+00	-1.800000000000000044e+00
0.000000000000000000e+00	0.000000000000000000e+00	0.000000000000000000e+00	0.000000000000000000e+00	0.000000000000000000e+00	0.000000000000000000e+00	0.000000000000000000e+00	0.000000000000000000e+00	0.000000000000000000e+00	0.000000000000000000e+00	0.000000000000000000e+00	0.000000000000000000e+00	4.649999999999999967e-02	0.000000000000000000e+00	0.000000000000000000e+00	0.000000000000000000e+00	0.000000000000000000e+00	0.000000000000000000e+00	0.000000000000000000e+00	0.000000000000000000e+00	0.000000000000000000e+00	0.000000000000000000e+00	0.000000000000000000e+00	0.000000000000000000e+00	0.000000000000000000e+00	0.000000000000000000e+00	0.000000000000000000e+00	0.000000000000000000e+00	0.000000000000000000e+00	0.000000000000000000e+00	0.000000000000000000e+00	0.000000000000000000e+00	0.000000000000000000e+00	0.000000000000000000e+00	0.000000000000000000e+00	0.000000000000000000e+00	0.000000000000000000e+00	0.000000000000000000e+00	0.000000000000000000e+00	0.000000000000000000e+00	0.000000000000000000e+00	0.000000000000000000e+00	4.649999999999999967e-02	0.000000000000000000e+00	0.000000000000000000e+00	0.000000000000000000e+00	0.000000000000000000e+00	0.000000000000000000e+00	0.000000000000000000e+00	0.000000000000000000e+00	0.000000000000000000e+00	0.000000000000000000e+00	0.000000000000000000e+00	0.000000000000000000e+00	0.000000000000000000e+00	0.000000000000000000e+00	0.000000000000000000e+00	0.000000000000000000e+00	0.000000000000000000e+00	0.000000000000000000e+00
9.000000000000000222e-01	9.000000000000000222e-01	9.000000000000000222e-01	9.000000000000000222e-01	9.000000000000000222e-01	9.000000000000000222e-01	9.000000000000000222e-01	9.000000000000000222e-01	9.000000000000000222e-01	9.000000000000000222e-01	9.000000000000000222e-01	1.418099999999999916e+00	1.566400000000000015e+00	1.418099999999999916e+00	9.000000000000000222e-01	9.000000000000000222e-01	9.000000000000000222e-01	9.000000000000000222e-01	9.000000000000000222e-01	9.000000000000000222e-01	9.000000000000000222e-01	9.000000000000000222e-01	9.000000000000000222e-01	9.000000000000000222e-01	9.000000000000000222e-01	9.000000000000000222e-01	9.000000000000000222e-01	9.000000000000000222e-01	9.000000000000000222e-01	9.000000000000000222e-01	9.000000000000000222e-01	9.000000000000000222e-01	9.000000000000000222e-01	9.000000000000000222e-01	9.000000000000000222e-01	9.000000000000000222e-01	9.000000000000000222e-01	9.000000000000000222e-01	9.000000000000000222e-01	9.000000000000000222e-01	9.000000000000000222e-01	1.418099999999999916e+00	1.566400000000000015e+00	1.418099999999999916e+00	9.000000000000000222e-01	9.000000000000000222e-01	9.000000000000000222e-01	9.000000000000000222e-01	9.000000000000000222e-01	9.000000000000000222e-01	9.000000000000000222e-01	9.000000000000000222e-01	9.000000000000000222e-01	9.000000000000000222e-01	9.000000000000000222e-01	9.000000000000000222e-01	9.000000000000000222e-01	9.000000000000000222e-01	9.000000000000000222e-01	9.000000000000000222e-01
-1.800000000000000044e+00	-1.800000000000000044e+00	-1.800000000000000044e+00	-1.800000000000000044e+00	-1.800000000000000044e+00	-1.800000000000000044e+00	-1.800000000000000044e+00	-1.800000000000000044e+00	-1.800000000000000044e+00	-1.800000000000000044e+00	-1.800000000000000044e+00	-2.836199999999999832e+00	-3.132899999999999796e+00	-2.836199999999999832e+00	-1.800000000000000044e+00	-1.800000000000000044e+00	-1.800000000000000044e+00	-1.800000000000000044e+00	-1.800000000000000044e+00	-1.800000000000000044e+00	-1.800000000000000044e+00	-1.800000000000000044e+00	-1.800000000000000044e+00	-1.800000000000000044e+00	-1.800000000000000044e+00	-1.800000000000000044e+00	-1.800000000000000044e+00	-1.800000000000000044e+00	-1.800000000000000044e+00	-1.800000000000000044e+00	-1.800000000000000044e+00	-1.800000000000000044e+00	-1.800000000000000044e+00	-1.800000000000000044e+00	-1.800000000000000044e+00	-1.800000000000000044e+00	-1.800000000000000044e+00	-1.800000000000000044e+00	-1.800000000000000044e+00	-1.800000000000000044e+00	-1.800000000000000044e+00	-2.836199999999999832e+00	-3.132899999999999796e+00	-2.836199999999999832e+00	-1.800000000000000044e+00	-1.800000000000000044e+00	-1.800000000000000044e+00	-1.800000000000000044e+00	-1.800000000000000044e+00	-1.800000000000000044e+00	-1.800000000000000044e+00	-1.800000000000000044e+00	-1.800000000000000044e+00	-1.800000000000000044e+00	-1.800000000000000044e+00	-1.800000000000000044e+00	-1.800000000000000044e+00	-1.800000000000000044e+00	-1.800000000000000044e+00	-1.800000000000000044e+00
-0.000000000000000000e+00	-0.000000000000000000e+00	-0.000000000000000000e+00	-0.000000000000000000e+00	-0.000000000000000000e+00	-0.000000000000000000e+00	-0.000000000000000000e+00	-0.000000000000000000e+00	-0.000000000000000000e+00	-0.000000000000000000e+00	-0.000000000000000000e+00	-0.000000000000000000e+00	-4.649999999999999967e-02	-0.000000000000000000e+00	-0.000000000000000000e+00	-0.000000000000000000e+00	-0.000000000000000000e+00	-0.000000000000000000e+00	-0.000000000000000000e+00	-0.000000000000000000e+00	-0.000000000000000000e+00	-0.000000000000000000e+00	-0.000000000000000000e+00	-0.000000000000000000e+00	-0.000000000000000000e+00	-0.000000000000000000e+00	-0.000000000000000000e+00	-0.000000000000000000e+00	-0.000000000000000000e+00	-0.000000000000000000e+00	-0.000000000000000000e+00	-0.000000000000000000e+00	-0.000000000000000000e+00	-0.000000000000000000e+00	-0.000000000000000000e+00	-0.000000000000000000e+00	-0.000000000000000000e+00	-0.000000000000000000e+00	-0.000000000000000000e+00	-0.000000000000000000e+00	-0.000000000000000000e+00	-0.000000000000000000e+00	-4.649999999999999967e-02	-0.000000000000000000e+00	-0.000000000000000000e+00	-0.000000000000000000e+00	-0.000000000000000000e+00	-0.000000000000000000e+00	-0.000000000000000000e+00	-0.000000000000000000e+00	-0.000000000000000000e+00	-0.000000000000000000e+00	-0.000000000000000000e+00	-0.000000000000000000e+00	-0.000000000000000000e+00	-0.000000000000000000e+00	-0.000000000000000000e+00	-0.000000000000000000e+00	-0.000000000000000000e+00	-0.000000000000000000e+00
9.000000000000000222e-01	9.000000000000000222e-01	9.000000000000000222e-01	9.000000000000000222e-01	9.000000000000000222e-01	9.000000000000000222e-01	9.000000000000000222e-01	9.000000000000000222e-01	9.000000000000000222e-01	9.000000000000000222e-01	9.000000000000000222e-01	1.418099999999999916e+00	1.566400000000000015e+00	1.418099999999999916e+00	9.000000000000000222e-01	9.000000000000000222e-01	9.000000000000000222e-01	9.000000000000000222e-01	9.000000000000000222e-01	9.000000000000000222e-01	9.000000000000000222e-01	9.000000000000000222e-01	9.000000000000000222e-01	9.000000000000000222e-01	9.000000000000000222e-01	9.000000000000000222e-01	9.000000000000000222e-01	9.000000000000000222e-01	9.000000000000000222e-01	9.000000000000000222e-01	9.000000000000000222e-01	9.000000000000000222e-01	9.000000000000000222e-01	9.000000000000000222e-01	9.000000000000000222e-01	9.000000000000000222e-01	9.000000000000000222e-01	9.000000000000000222e-01	9.000000000000000222e-01	9.000000000000000222e-01	9.000000000000000222e-01	1.418099999999999916e+00	1.566400000000000015e+00	1.418099999999999916e+00	9.000000000000000222e-01	9.000000000000000222e-01	9.000000000000000222e-01	9.000000000000000222e-01	9.000000000000000222e-01	9.000000000000000222e-01	9.000000000000000222e-01	9.000000000000000222e-01	9.000000000000000222e-01	9.000000000000000222e-01	9.000000000000000222e-01	9.000000000000000222e-01	9.000000000000000222e-01	9.000000000000000222e-01	9.000000000000000222e-01	9.000000000000000222e-01
-1.800000000000000044e+00	-1.800000000000000044e+00	-1.800000000000000044e+00	-1.800000000000000044e+00	-1.800000000000000044e+00	-1.800000000000000044e+00	-1.800000000000000044e+00	-1.800000000000000044e+00	-1.800000000000000044e+00	-1.800000000000000044e+00	-1.800000000000000044e+00	-2.836199999999999832e+00	-3.132899999999999796e+00	-2.836199999999999832e+00	-1.800000000000000044e+00	-1.800000000000000044e+00	-1.800000000000000044e+00	-1.800000000000000044e+00	-1.800000000000000044e+00	-1.800000000000000044e+00	-1.800000000000000044e+00	-1.800000000000000044e+00	-1.800000000000000044e+00	-1.800000000000000044e+00	-1.800000000000000044e+00	-1.800000000000000044e+00	-1.800000000000000044e+00	-1.800000000000000044e+00	-1.800000000000000044e+00	-1.800000000000000044e+00	-1.800000000000000044e+00	-1.800000000000000044e+00	-1.800000000000000044e+00	-1.800000000000000044e+00	-1.800000000000000044e+00	-1.800000000000000044e+00	-1.800000000000000044e+00	-1.800000000000000044e+00	-1.800000000000000044e+00	-1.800000000000000044e+00	-1.800000000000000044e+00	-2.836199999999999832e+00	-3.132899999999999796e+00	-2.836199999999999832e+00	-1.800000000000000044e+00	-1.800000000000000044e+00	-1.800000000000000044e+00	-1.800000000000000044e+00	-1.800000000000000044e+00	-1.800000000000000044e+00	-1.800000000000000044e+00	-1.800000000000000044e+00	-1.800000000000000044e+00	-1.800000000000000044e+00	-1.800000000000000044e+00	-1.800000000000000044e+00	-1.800000000000000044e+00	-1.800000000000000044e+00	-1.800000000000000044e+00	-1.800000000000000044e+00
0.000000000000000000e+00	0.000000000000000000e+00	0.000000000000000000e+00	0.000000000000000000e+00	0.000000000000000000e+00	0.000000000000000000e+00	0.000000000000000000e+00	0.000000000000000000e+00	0.000000000000000000e+00	0.000000000000000000e+00	0.000000000000000000e+00	0.000000000000000000e+00	0.000000000000000000e+00	0.000000000000000000e+00	0.000000000000000000e+00	0.000000000000000000e+00	0.000000000000000000e+00	0.000000000000000000e+00	0.000000000000000000e+00	0.000000000000000000e+00	0.000000000000000000e+00	0.000000000000000000e+00	0.000000000000000000e+00	0.000000000000000000e+00	0.000000000000000000e+00	0.000000000000000000e+00	0.000000000000000000e+00	4.649999999999999967e-02	0.000000000000000000e+00	0.000000000000000000e+00	0.000000000000000000e+00	0.000000000000000000e+00	0.000000000000000000e+00	0.000000000000000000e+00	0.000000000000000000e+00	0.000000000000000000e+00	0.000000000000000000e+00	0.000000000000000000e+00	0.000000000000000000e+00	0.000000000000000000e+00	0.000000000000000000e+00	0.000000000000000000e+00	0.000000000000000000e+00	0.000000000000000000e+00	0.000000000000000000e+00	0.000000000000000000e+00	0.000000000000000000e+00	0.000000000000000000e+00	0.000000000000000000e+00	0.000000000000000000e+00	0.000000000000000000e+00	0.000000000000000000e+00	0.000000000000000000e+00	0.000000000000000000e+00	0.000000000000000000e+00	0.000000000000000000e+00	0.000000000000000000e+00	4.649999999999999967e-02	0.000000000000000000e+00	0.000000000000000000e+00
9.000000000000000222e-01	9.000000000000000222e-01	9.000000000000000222e-01	9.000000000000000222e-01	9.000000000000000222e-01	9.000000000000000222e-01	9.000000000000000222e-01	9.000000000000000222e-01	9.000000000000000222e-01	9.000000000000000222e-01	9.000000000000000222e-01	9.000000000000000222e-01	9.000000000000000222e-01	9.000000000000000222e-01	9.000000000000000222e-01	9.000000000000000222e-01	9.000000000000000222e-01	9.000000000000000222e-01	9.000000000000000222e-01	9.000000000000000222e-01	9.000000000000000222e-01	9.000000000000000222e-01	9.000000000000000222e-01	9.000000000000000222e-01	9.000000000000000222e-01	9.000000000000000222e-01	1.418099999999999916e+00	1.566400000000000015e+00	1.418099999999999916e+00	9.000000000000000222e-01	9.000000000000000222e-01	9.000000000000000222e-01	9.000000000000000222e-01	9.000000000000000222e-01	9.000000000000000222e-01	9.000000000000000222e-01	9.000000000000000222e-01	9.000000000000000222e-01	9.000000000000000222e-01	9.000000000000000222e-01	9.000000000000000222e-01	9.000000000000000222e-01	9.000000000000000222e-01	9.000000000000000222e-01	9.000000000000000222e-01	9.000000000000000222e-01	9.000000000000000222e-01	9.000000000000000222e-01	9.000000000000000222e-01	9.000000000000000222e-01	9.000000000000000222e-01	9.000000000000000222e-01	9.000000000000000222e-01	9.000000000000000222e-01	9.000000000000000222e-01	9.000000000000000222e-01	1.418099999999999916e+00	1.566400000000000015e+00	1.418099999999999916e+00	9.000000000000000222e-01
-1.800000000000000044e+00	-1.800000000000000044e+00	-1.800000000000000044e+00	-1.800000000000000044e+00	-1.800000000000000044e+00	-1.800000000000000044e+00	-1.800000000000000044e+00	-1.800000000000000044e+00	-1.800000000000000044e+00	-1.800000000000000044e+00	-1.800000000000000044e+00	-1.800000000000000044e+00	-1.800000000000000044e+00	-1.800000000000000044e+00	-1.800000000000000044e+00	-1.800000000000000044e+00	-1.800000000000000044e+00	-1.800000000000000044e+00	-1.800000000000000044e+00	-1.800000000000000044e+00	-1.800000000000000044e+00	-1.800000000000000044e+00	-1.800000000000000044e+00	-1.800000000000000044e+00	-1.800000000000000044e+00	-1.800000000000000044e+00	-2.836199999999999832e+00	-3.132899999999999796e+00	-2.836199999999999832e+00	-1.800000000000000044e+00	-1.800000000000000044e+00	-1.800000000000000044e+00	-1.800000000000000044e+00	-1.800000000000000044e+00	-1.800000000000000044e+00	-1.800000000000000044e+00	-1.800000000000000044e+00	-1.800000000000000044e+00	-1.800000000000000044e+00	-1.800000000000000044e+00	-1.800000000000000044e+00	-1.800000000000000044e+00	-1.800000000000000044e+00	-1.800000000000000044e+00	-1.800000000000000044e+00	-1.800000000000000044e+00	-1.800000000000000044e+00	-1.800000000000000044e+00	-1.800000000000000044e+00	-1.800000000000000044e+00	-1.800000000000000044e+00	-1.800000000000000044e+00	-1.800000000000000044e+00	-1.800000000000000044e+00	-1.800000000000000044e+00	-1.800000000000000044e+00	-2.836199999999999832e+00	-3.132899999999999796e+00	-2.836199999999999832e+00	-1.800000000000000044e+00
0.000000000000000000e+00	0.000000000000000000e+00	0.000000000000000000e+00	0.000000000000000000e+00	0.000000000000000000e+00	0.000000000000000000e+00	0.000000000000000000e+00	0.000000000000000000e+00	0.000000000000000000e+00	0.000000000000000000e+00	0.000000000000000000e+00	0.000000000000000000e+00	0.000000000000000000e+00	0.000000000000000000e+00	0.000000000000000000e+00	0.000000000000000000e+00	0.000000000000000000e+00	0.000000000000000000e+00	0.000000000000000000e+00	0.000000000000000000e+00	0.000000000000000000e+00	0.000000000000000000e+00	0.000000000000000000e+00	0.000000000000000000e+00	0.000000000000000000e+00	0.000000000000000000e+00	-4.649999999999999467e+00	4.649999999999999467e+00	0.000000000000000000e+00	0.000000000000000000e+00	0.000000000000000000e+00	0.000000000000000000e+00	0.000000000000000000e+00	0.000000000000000000e+00	0.000000000000000000e+00	0.000000000000000000e+00	0.000000000000000000e+00	0.000000000000000000e+00	0.000000000000000000e+00	0.000000000000000000e+00	0.000000000000000000e+00	0.000000000000000000e+00	0.000000000000000000e+00	0.000000000000000000e+00	0.000000000000000000e+00	0.000000000000000000e+00	0.000000000000000000e+00	0.000000000000000000e+00	0.000000000000000000e+00	0.000000000000000000e+00	0.000000000000000000e+00	0.000000000000000000e+00	0.000000000000000000e+00	0.000000000000000000e+00	0.000000000000000000e+00	0.000000000000000000e+00	-4.649999999999999467e+00	4.649999999999999467e+00	0.000000000000000000e+00	0.000000000000000000e+00
0.000000000000000000e+00	0.000000000000000000e+00	0.000000000000000000e+00	0.000000000000000000e+00	0.000000000000000000e+00	0.000000000000000000e+00	0.000000000000000000e+00	0.000000000000000000e+00	0.000000000000000000e+00	0.000000000000000000e+00	0.000000000000000000e+00	0.000000000000000000e+00	0.000000000000000000e+00	0.000000000000000000e+00	0.000000000000000000e+00	0.000000000000000000e+00	0.000000000000000000e+00	0.000000000000000000e+00	0.000000000000000000e+00	0.000000000000000000e+00	0.000000000000000000e+00	0.000000000000000000e+00	0.000000000000000000e+00	0.000000000000000000e+00	0.000000000000000000e+00	5.180999999999998806e+01	1.483000000000000895e+01	-1.483000000000000895e+01	-5.180999999999998806e+01	0.000000000000000000e+00	0.000000000000000000e+00	0.000000000000000000e+00	0.000000000000000000e+00	0.000000000000000000e+00	0.000000000000000000e+00	0.000000000000000000e+00	0.000000000000000000e+00	0.000000000000000000e+00	0.000000000000000000e+00	0.000000000000000000e+00	0.000000000000000000e+00	0.000000000000000000e+00	0.000000000000000000e+00	0.000000000000000000e+00	0.000000000000000000e+00	0.000000000000000000e+00	0.000000000000000000e+00	0.000000000000000000e+00	0.000000000000000000e+00	0.000000000000000000e+00	0.000000000000000000e+00	0.000000000000000000e+00	0.000000000000000000e+00	0.000000000000000000e+00	0.000000000000000000e+00	5.180999999999998806e+01	1.483000000000000895e+01	-1.483000000000000895e+01	-5.180999999999998806e+01	0.000000000000000000e+00
0.000000000000000000e+00	0.000000000000000000e+00	0.000000000000000000e+00	0.000000000000000000e+00	0.000000000000000000e+00	0.000000000000000000e+00	0.000000000000000000e+00	0.000000000000000000e+00	0.000000000000000000e+00	0.000000000000000000e+00	0.000000000000000000e+00	0.000000000000000000e+00	0.000000000000000000e+00	0.000000000000000000e+00	0.000000000000000000e+00	0.000000000000000000e+00	0.000000000000000000e+00	0.000000000000000000e+00	0.000000000000000000e+00	0.000000000000000000e+00	0.000000000000000000e+00	0.000000000000000000e+00	0.000000000000000000e+00	0.000000000000000000e+00	0.000000000000000000e+00	-1.036199999999999761e+02	-2.966999999999999460e+01	2.966999999999999460e+01	1.036199999999999761e+02	0.000000000000000000e+00	0.000000000000000000e+00	0.000000000000000000e+00	0.000000000000000000e+00	0.000000000000000000e+00	0.000000000000000000e+00	0.000000000000000000e+00	0.000000000000000000e+00	0.000000000000000000e+00	0.000000000000000000e+00	0.000000000000000000e+00	0.000000000000000000e+00	0.000000000000000000e+00	0.000000000000000000e+00	0.000000000000000000e+00	0.000000000000000000e+00	0.000000000000000000e+00	0.000000000000000000e+00	0.000000000000000000e+00	0.000000000000000000e+00	0.000000000000000000e+00	0.000000000000000000e+00	0.000000000000000000e+00	0.000000000000000000e+00	0.000000000000000000e+00	0.000000000000000000e+00	-1.036199999999999761e+02	-2.966999999999999460e+01	2.966999999999999460e+01	1.036199999999999761e+02	0.000000000000000000e+00
0.000000000000000000e+00	0.000000000000000000e+00	0.000000000000000000e+00	0.000000000000000000e+00	0.000000000000000000e+00	0.000000000000000000e+00	0.000000000000000000e+00	0.000000000000000000e+00	0.000000000000000000e+00	0.000000000000000000e+00	0.000000000000000000e+00	4.649999999999999467e+00	-4.649999999999999467e+00	0.000000000000000000e+00	0.000000000000000000e+00	0.000000000000000000e+00	0.000000000000000000e+00	0.000000000000000000e+00	0.000000000000000000e+00	0.000000000000000000e+00	0.000000000000000000e+00	0.000000000000000000e+00	0.000000000000000000e+00	0.000000000000000000e+00	0.000000000000000000e+00	0.000000000000000000e+00	0.000000000000000000e+00	0.000000000000000000e+00	0.000000000000000000e+00	0.000000000000000000e+00	0.000000000000000000e+00	0.000000000000000000e+00	0.000000000000000000e+00	0.000000000000000000e+00	0.000000000000000000e+00	0.000000000000000000e+00	0.000000000000000000e+00	0.000000000000000000e+00	0.000000000000000000e+00	0.000000000000000000e+00	0.000000000000000000e+00	4.649999999999999467e+00	-4.649999999999999467e+00	0.000000000000000000e+00	0.000000000000000000e+00	0.000000000000000000e+00	0.000000000000000000e+00	0.000000000000000000e+00	0.000000000000000000e+00	0.000000000000000000e+00	0.000000000000000000e+00	0.000000000000000000e+00	0.000000000000000000e+00	0.000000000000000000e+00	0.000000000000000000e+00	0.000000000000000000e+00	0.000000000000000000e+00	0.000000000000000000e+00	0.000000000000000000e+00	0.000000000000000000e+00
0.000000000000000000e+00	0.000000000000000000e+00	0.000000000000000000e+00	0.000000000000000000e+00	0.000000000000000000e+00	0.000000000000000000e+00	0.000000000000000000e+00	0.000000000000000000e+00	0.000000000000000000e+00	0.000000000000000000e+00	5.180999999999998806e+01	1.483000000000000895e+01	-1.483000000000000895e+01	-5.180999999999998806e+01	0.000000000000000000e+00	0.000000000000000000e+00	0.000000000000000000e+00	0.000000000000000000e+00	0.000000000000000000e+00	0.000000000000000000e+00	0.000000000000000000e+00	0.000000000000000000e+00	0.000000000000000000e+00	0.000000000000000000e+00	0.000000000000000000e+00	0.000000000000000000e+00	0.000000000000000000e+00	0.000000000000000000e+00	0.000000000000000000e+00	0.000000000000000000e+00	0.000000000000000000e+00	0.000000000000000000e+00	0.000000000000000000e+00	0.000000000000000000e+00	0.000000000000000000e+00	0.000000000000000000e+00	0.000000000000000000e+00	0.000000000000000000e+00	0.000000000000000000e+00	0.000000000000000000e+00	5.180999999999998806e+01	1.483000000000000895e+01	-1.483000000000000895e+01	-5.180999999999998806e+01	0.000000000000000000e+00	0.000000000000000000e+00	0.000000000000000000e+00	0.000000000000000000e+00	0.000000000000000000e+00	0.000000000000000000e+00	0.000000000000000000e+00	0.000000000000000000e+00	0.000000000000000000e+00	0.000000000000000000e+00	0.000000000000000000e+00	0.000000000000000000e+00	0.000000000000000000e+00	0.000000000000000000e+00	0.000000000000000000e+00	0.000000000000000000e+00
0.000000000000000000e+00	0.000000000000000000e+00	0.000000000000000000e+00	0.000000000000000000e+00	0.000000000000000000e+00	0.000000000000000000e+00	0.000000000000000000e+00	0.000000000000000000e+00	0.000000000000000000e+00	0.000000000000000000e+00	-1.036199999999999761e+02	-2.966999999999999460e+01	2.966999999999999460e+01	1.036199999999999761e+02	0.000000000000000000e+00	0.000000000000000000e+00	0.000000000000000000e+00	0.000000000000000000e+00	0.000000000000000000e+00	0.000000000000000000e+00	0.000000000000000000e+00	0.000000000000000000e+00	0.000000000000000000e+00	0.000000000000000000e+00	0.000000000000000000e+00	0.000000000000000000e+00	0.000000000000000000e+00	0.000000000000000000e+00	0.000000000000000000e+00	0.000000000000000000e+00	0.000000000000000000e+00	0.000000000000000000e+00	0.000000000000000000e+00	0.000000000000000000e+00	0.000000000000000000e+00	0.000000000000000000e+00	0.000000000000000000e+00	0.000000000000000000e+00	0.000000000000000000e+00	0.000000000000000000e+00	-1.036199999999999761e+02	-2.966999999999999460e+01	2.966999999999999460e+01	1.036199999999999761e+02	0.000000000000000000e+00	0.000000000000000000e+00	0.000000000000000000e+00	0.000000000000000000e+00	0.000000000000000000e+00	0.000000000000000000e+00	0.000000000000000000e+00	0.000000000000000000e+00	0.000000000000000000e+00	0.000000000000000000e+00	0.000000000000000000e+00	0.000000000000000000e+00	0.000000000000000000e+00	0.000000000000000000e+00	0.000000000000000000e+00	0.000000000000000000e+00
0.000000000000000000e+00	0.000000000000000000e+00	0.000000000000000000e+00	0.000000000000000000e+00	0.000000000000000000e+00	0.000000000000000000e+00	0.000000000000000000e+00	0.000000000000000000e+00	0.000000000000000000e+00	0.000000000000000000e+00	0.000000000000000000e+00	-4.649999999999999467e+00	4.649999999999999467e+00	0.000000000000000000e+00	0.000000000000000000e+00	0.000000000000000000e+00	0.000000000000000000e+00	0.000000000000000000e+00	0.000000000000000000e+00	0.000000000000000000e+00	0.000000000000000000e+00	0.000000000000000000e+00	0.000000000000000000e+00	0.000000000000000000e+00	0.000000000000000000e+00	0.000000000000000000e+00	0.000000000000000000e+00	0.000000000000000000e+00	0.000000000000000000e+00	0.000000000000000000e+00	0.000000000000000000e+00	0.000000000000000000e+00	0.000000000000000000e+00	0.000000000000000000e+00	0.000000000000000000e+00	0.000000000000000000e+00	0.000000000000000000e+00	0.000000000000000000e+00	0.000000000000000000e+00	0.000000000000000000e+00	0.000000000000000000e+00	-4.649999999999999467e+00	4.649999999999999467e+00	0.000000000000000000e+00	0.000000000000000000e+00	0.000000000000000000e+00	0.000000000000000000e+00	0.000000000000000000e+00	0.000000000000000000e+00	0.000000000000000000e+00	0.000000000000000000e+00	0.000000000000000000e+00	0.000000000000000000e+00	0.000000000000000000e+00	0.000000000000000000e+00	0.000000000000000000e+00	0.000000000000000000e+00	0.000000000000000000e+00	0.000000000000000000e+00	0.000000000000000000e+00
0.000000000000000000e+00	0.000000000000000000e+00	0.000000000000000000e+00	0.000000000000000000e+00	0.000000000000000000e+00	0.000000000000000000e+00	0.000000000000000000e+00	0.000000000000000000e+00	0.000000000000000000e+00	0.000000000000000000e+00	5.180999999999998806e+01	1.483000000000000895e+01	-1.483000000000000895e+01	-5.180999999999998806e+01	0.000000000000000000e+00	0.000000000000000000e+00	0.000000000000000000e+00	0.000000000000000000e+00	0.000000000000000000e+00	0.000000000000000000e+00	0.000000000000000000e+00	0.000000000000000000e+00	0.000000000000000000e+00	0.000000000000000000e+00	0.000000000000000000e+00	0.000000000000000000e+00	0.000000000000000000e+00	0.000000000000000000e+00	0.000000000000000000e+00	0.000000000000000000e+00	0.000000000000000000e+00	0.000000000000000000e+00	0.000000000000000000e+00	0.000000000000000000e+00	0.000000000000000000e+00	0.000000000000000000e+00	0.000000000000000000e+00	0.000000000000000000e+00	0.000000000000000000e+00	0.000000000000000000e+00	5.180999999999998806e+01	1.483000000000000895e+01	-1.483000000000000895e+01	-5.180999999999998806e+01	0.000000000000000000e+00	0.000000000000000000e+00	0.000000000000000000e+00	0.000000000000000000e+00	0.000000000000000000e+00	0.000000000000000000e+00	0.000000000000000000e+00	0.000000000000000000e+00	0.000000000000000000e+00	0.000000000000000000e+00	0.000000000000000000e+00	0.000000000000000000e+00	0.000000000000000000e+00	0.000000000000000000e+00	0.000000000000000000e+00	0.000000000000000000e+00
0.000000000000000000e+00	0.000000000000000000e+00	0.000000000000000000e+00	0.000000000000000000e+00	0.000000000000000000e+00	0.000000000000000000e+00	0.000000000000000000e+00	0.000000000000000000e+00	0.000000000000000000e+00	0.000000000000000000e+00	-1.036199999999999761e+02	-2.966999999999999460e+01	2.966999999999999460e+01	1.036199999999999761e+02	0.000000000000000000e+00	0.000000000000000000e+00	0.000000000000000000e+00	0.000000000000000000e+00	0.000000000000000000e+00	0.000000000000000000e+00	0.000000000000000000e+00	0.000000000000000000e+00	0.000000000000000000e+00	0.000000000000000000e+00	0.000000000000000000e+00	0.000000000000000000e+00	0.000000000000000000e+00	0.000000000000000000e+00	0.000000000000000000e+00	0.000000000000000000e+00	0.000000000000000000e+00	0.000000000000000000e+00	0.000000000000000000e+00	0.000000000000000000e+00	0.000000000000000000e+00	0.000000000000000000e+00	0.000000000000000000e+00	0.000000000000000000e+00	0.000000000000000000e+00	0.000000000000000000e+00	-1.036199999999999761e+02	-2.966999999999999460e+01	2.966999999999999460e+01	1.036199999999999761e+02	0.000000000000000000e+00	0.000000000000000000e+00	0.000000000000000000e+00	0.000000000000000000e+00	0.000000000000000000e+00	0.000000000000000000e+00	0.000000000000000000e+00	0.000000000000000000e+00	0.000000000000000000e+00	0.000000000000000000e+00	0.000000000000000000e+00	0.000000000000000000e+00	0.000000000000000000e+00	0.000000000000000000e+00	0.000000000000000000e+00	0.000000000000000000e+00
0.000000000000000000e+00	0.000000000000000000e+00	0.000000000000000000e+00	0.000000000000000000e+00	0.000000000000000000e+00	0.000000000000000000e+00	0.000000000000000000e+00	0.000000000000000000e+00	0.000000000000000000e+00	0.000000000000000000e+00	0.000000000000000000e+00	0.000000000000000000e+00	0.000000000000000000e+00	0.000000000000000000e+00	0.000000000000000000e+00	0.000000000000000000e+00	0.000000000000000000e+00	0.000000000000000000e+00	0.000000000000000000e+00	0.000000000000000000e+00	0.000000000000000000e+00	0.000000000000000000e+00	0.000000000000000000e+00	0.000000000000000000e+00	0.000000000000000000e+00	0.000000000000000000e+00	4.649999999999999467e+00	-4.649999999999999467e+00	0.000000000000000000e+00	0.000000000000000000e+00	0.000000000000000000e+00	0.000000000000000000e+00	0.000000000000000000e+00	0.000000000000000000e+00	0.000000000000000000e+00	0.000000000000000000e+00	0.000000000000000000e+00	0.000000000000000000e+00	0.000000000000000000e+00	0.000000000000000000e+00	0.000000000000000000e+00	0.000000000000000000e+00	0.000000000000000000e+00	0.000000000000000000e+00	0.000000000000000000e+00	0.000000000000000000e+00	0.000000000000000000e+00	0.000000000000000000e+00	0.000000000000000000e+00	0.000000000000000000e+00	0.000000000000000000e+00	0.000000000000000000e+00	0.000000000000000000e+00	0.000000000000000000e+00	0.000000000000000000e+00	0.000000000000000000e+00	4.649999999999999467e+00	-4.649999999999999467e+00	0.000000000000000000e+00	0.000000000000000000e+00
0.000000000000000000e+00	0.000000000000000000e+00	0.000000000000000000e+00	0.000000000000000000e+00	0.000000000000000000e+00	0.000000000000000000e+00	0.000000000000000000e+00	0.000000000000000000e+00	0.000000000000000000e+00	0.000000000000000000e+00	0.000000000000000000e+00	0.000000000000000000e+00	0.000000000000000000e+00	0.000000000000000000e+00	0.000000000000000000e+00	0.000000000000000000e+00	0.000000000000000000e+00	0.000000000000000000e+00	0.000000000000000000e+00	0.000000000000000000e+00	0.000000000000000000e+00	0.000000000000000000e+00	0.000000000000000000e+00	0.000000000000000000e+00	0.000000000000000000e+00	5.180999999999998806e+01	1.483000000000000895e+01	-1.483000000000000895e+01	-5.180999999999998806e+01	0.000000000000000000e+00	0.000000000000000000e+00	0.000000000000000000e+00	0.000000000000000000e+00	0.000000000000000000e+00	0.000000000000000000e+00	0.000000000000000000e+00	0.000000000000000000e+00	0.000000000000000000e+00	0.000000000000000000e+00	0.000000000000000000e+00	0.000000000000000000e+00	0.000000000000000000e+00	0.000000000000000000e+00	0.000000000000000000e+00	0.000000000000000000e+00	0.000000000000000000e+00	0.000000000000000000e+00	0.000000000000000000e+00	0.000000000000000000e+00	0.000000000000000000e+00	0.000000000000000000e+00	0.000000000000000000e+00	0.000000000000000000e+00	0.000000000000000000e+00	0.000000000000000000e+00	5.180999999999998806e+01	1.483000000000000895e+01	-1.483000000000000895e+01	-5.180999999999998806e+01	0.000000000000000000e+00
0.000000000000000000e+00	0.000000000000000000e+00	0.000000000000000000e+00	0.000000000000000000e+00	0.000000000000000000e+00	0.000000000000000000e+00	0.000000000000000000e+00	0.000000000000000000e+00	0.000000000000000000e+00	0.000000000000000000e+00	0.000000000000000000e+00	0.000000000000000000e+00	0.000000000000000000e+00	0.000000000000000000e+00	0.000000000000000000e+00	0.000000000000000000e+00	0.000000000000000000e+00	0.000000000000000000e+00	0.000000000000000000e+00	0.000000000000000000e+00	0.000000000000000000e+00	0.000000000000000000e+00	0.000000000000000000e+00	0.000000000000000000e+00	0.000000000000000000e+00	-1.036199999999999761e+02	-2.966999999999999460e+01	2.966999999999999460e+01	1.036199999999999761e+02	0.000000000000000000e+00	0.000000000000000000e+00	0.000000000000000000e+00	0.000000000000000000e+00	0.000000000000000000e+00	0.000000000000000000e+00	0.000000000000000000e+00	0.000000000000000000e+00	0.000000000000000000e+00	0.000000000000000000e+00	0.000000000000000000e+00	0.000000000000000000e+00	0.000000000000000000e+00	0.000000000000000000e+00	0.000000000000000000e+00	0.000000000000000000e+00	0.000000000000000000e+00	0.000000000000000000e+00	0.000000000000000000e+00	0.000000000000000000e+00	0.000000000000000000e+00	0.000000000000000000e+00	0.000000000000000000e+00	0.000000000000000000e+00	0.000000000000000000e+00	0.000000000000000000e+00	-1.036199999999999761e+02	-2.966999999999999460e+01	2.966999999999999460e+01	1.036199999999999761e+02	0.000000000000000000e+00
